Leveransenavn i veikartet;Beskrivelse av leveranse gant;Veikartfase;Startdato;Strategisk delmål;Strategi gruppering;Sluttdato;Planleggingsstatus;Leveranse-ID;Versjon
Fullmakter Helsenorge;Innbyggere har i dag mulighet til å gi andre fullmakt til å bruke tjenester på Helsenorge;Innføring;;1A - Innbygger skal ha mulighet for å administrere behandlingsforløp, digital dialog og innsynstjenester gjennom Helsenorge;Fullmakt, representasjon og tilgangsbegrensning gjennom Helsenorge;;Planlagt;56876000020107079;2026-08
Fullmakter til utvalgte apotek;"Innbygger har i dag mulig å gi andre fullmakt til å som kan hente reseptvarer på utvalgte apotek eller hos bandasjist
";Innføring;;1A - Innbygger skal ha mulighet for å administrere behandlingsforløp, digital dialog og innsynstjenester gjennom Helsenorge;Fullmakt, representasjon og tilgangsbegrensning gjennom Helsenorge;;Planlagt;56876000020107081;2026-08
Fullmakt konsept EHDS;Tentativ plan for konsept for fullmakts tjenester, som skal være interoperatible mellom EU/EØS-land;Konsept;01.07.2026;1A - Innbygger skal ha mulighet for å administrere behandlingsforløp, digital dialog og innsynstjenester gjennom Helsenorge;Fullmakt, representasjon og tilgangsbegrensning gjennom Helsenorge;;Tentativ;56876000020107084;2026-08
Fullmakt og representasjon knyttet til EHDS;"Tentativ tidsplan for å etablere felles tjenester for fullmakt- og representasjon, i tilknytning til tilgangstjenester for innbyggere.
Det skal også etableres mulighet for representanter fra andre EU/EØS-land å representere norske innbyggere på Helsenorge.";Utvikling og begrenset utprøving;01.07.2027;1A - Innbygger skal ha mulighet for å administrere behandlingsforløp, digital dialog og innsynstjenester gjennom Helsenorge;Fullmakt, representasjon og tilgangsbegrensning gjennom Helsenorge;;Tentativ;56876000020107086;2026-08
Tilgangsbegrensning,  nasjonale samhandlingstjenester ;"Innbyggere kan begrense tilgang til egne helseopplysninger på Helsenorge, eksempelvis for pasientens prøvesvar. Les mer på Helsenorge.no
Det planlegges for å fra samtykke til reservasjon ved deling av helseopplysninger";Innføring;01.01.2025;1A - Innbygger skal ha mulighet for å administrere behandlingsforløp, digital dialog og innsynstjenester gjennom Helsenorge;Fullmakt, representasjon og tilgangsbegrensning gjennom Helsenorge;;Planlagt;56876000020107089;2026-08
Konsept tilgangsbegrensning på tvers av landegrenser;Konsept for hvordan håndtere tilgangsbegrensning på tvers av landegrenser;Konsept;01.07.2026;1A - Innbygger skal ha mulighet for å administrere behandlingsforløp, digital dialog og innsynstjenester gjennom Helsenorge;Fullmakt, representasjon og tilgangsbegrensning gjennom Helsenorge;;Tentativ;56876000020107092;2026-08
Personvernkomponenter / tilgangsstyring (nasjonale samhandlingstjenester);"Helsenorge har god støtte for å konfigurer og etablere tilgangsbegrensninger. Tilgangsbegrensninger må ivaretas i alle løsninger. Helsenorge har også støtte for tilgangslogg, denne må videreutvikles til å dekke EHDS krav (for primær- og sekundærbruk)
Det er også behov for å videreutvikle tjeneste for tilgangslogg slik at innbygger får innsyn i hvem som har fått tilgang til pasientoppsummering og e-resepter. Dette skal også gjelde EU/EØS borgere.
 Det vil også være behov for tilpasning i EPJ-systemer.";Utvikling og begrenset utprøving;01.01.2027;1A - Innbygger skal ha mulighet for å administrere behandlingsforløp, digital dialog og innsynstjenester gjennom Helsenorge;Fullmakt, representasjon og tilgangsbegrensning gjennom Helsenorge;;Tentativ;56876000020107094;2026-08
Reservasjon - sekundærbruk av helsedata;;Konsept;01.07.2026;1A - Innbygger skal ha mulighet for å administrere behandlingsforløp, digital dialog og innsynstjenester gjennom Helsenorge;Fullmakt, representasjon og tilgangsbegrensning gjennom Helsenorge;;Tentativ;56876000020107097;2026-08
Reservasjon - sekundærbruk av helsedata;;Utvikling og begrenset utprøving;01.07.2027;1A - Innbygger skal ha mulighet for å administrere behandlingsforløp, digital dialog og innsynstjenester gjennom Helsenorge;Fullmakt, representasjon og tilgangsbegrensning gjennom Helsenorge;;Tentativ;56876000020107099;2026-08
Anmodning om retting fra spesialisthelsetjenesten;Anmodning om retting av feil i journalnotat fra spesialisthelsetjenesten gjøres i dag ved å be om endringer i elektronisk skjema;I bruk;;1A - Innbygger skal ha mulighet for å administrere behandlingsforløp, digital dialog og innsynstjenester gjennom Helsenorge;Innbyggers mulighet til å supplere og anmode retting av informasjon i pasientjournalsystemer;;Planlagt;56876000020123005;2026-08
Konsept for retting av informasjon;Tentativ plan for konsept for retting av egne helseopplysninger fra fastleger og kommunale helse og omsorgstjenester journalsystemer.;Konsept;01.10.2026;1A - Innbygger skal ha mulighet for å administrere behandlingsforløp, digital dialog og innsynstjenester gjennom Helsenorge;Innbyggers mulighet til å supplere og anmode retting av informasjon i pasientjournalsystemer;;Tentativ;56876000020123008;2026-08
Utvikle og tilpasse digital rettingsanmodning;Tentativ plan for utvikling og tilpasning for å kunne ta i mot rettingsanmodninger til flere helseaktører.;Tilpasning og utvidet utprøving;01.07.2027;1A - Innbygger skal ha mulighet for å administrere behandlingsforløp, digital dialog og innsynstjenester gjennom Helsenorge;Innbyggers mulighet til å supplere og anmode retting av informasjon i pasientjournalsystemer;;Tentativ;56876000020123011;2026-08
Supplerende dokumentasjon fra innbygger;"EHDS forordningen stiller krav til innbyggers rett til å skrive inn supplerende informasjon i egen journal.
Det er behov for videreutvikling tjeneste på Helsenorge for  å oppfylle kravet om egenregistrering av helseopplysninger og kunne dele dem med helsepersonell.";Utvikling og begrenset utprøving;01.01.2027;1A - Innbygger skal ha mulighet for å administrere behandlingsforløp, digital dialog og innsynstjenester gjennom Helsenorge;Innbyggers mulighet til å supplere og anmode retting av informasjon i pasientjournalsystemer;;Tentativ;56876000020123013;2026-08
Pasientens journaldokumenter fra spesialisthelsetjenesten;"Innbygger får gradvis tilgang til dokumenter fra flere spesialisthelsetjenesten, som følge av at flere kilder deler dokumenter
Les mer om kjernejournal og dokumenter som deles på Helsenorge.no";Innføring;;1A - Innbygger skal ha mulighet for å administrere behandlingsforløp, digital dialog og innsynstjenester gjennom Helsenorge;Innsynstjenester gjennom Helsenorge;;Planlagt;56876000019903022;2026-08
Utvikling, Pasientens prøvesvar til innbygger;"Utvikling og utprøving av tjenesten har foregått siden 2022, flere virksomheter har deltatt i begrenset utprøving for kvalitetssikring.
Innbygger får tilgang til egne prøvesvar på Helsenorge
";Utvikling og begrenset utprøving;01.01.2022;1A - Innbygger skal ha mulighet for å administrere behandlingsforløp, digital dialog og innsynstjenester gjennom Helsenorge;Innsynstjenester gjennom Helsenorge;;Planlagt;56876000019903026;2026-08
Pasientens prøvesvar;"Innbyggere fikk tilgang på pasientens prøvesvar juni 2025.
Erfaringene så langt er at tjenesten brukes av innbyggere.
Les mer om Pasientens prøvesvar på Helsedirektoratets hjemmeside";Innføring;01.07.2025;1A - Innbygger skal ha mulighet for å administrere behandlingsforløp, digital dialog og innsynstjenester gjennom Helsenorge;Innsynstjenester gjennom Helsenorge;;Planlagt;56876000019903030;2026-08
Pasientens legemiddelliste;"Tjenesten tilgjengeliggjøres for flere innbyggere etter hvert som løsningen tas i bruk i flere regioner.
Les mer  om Pasientens legemiddelliste på Helsedirektoratet sine hjemmesider";Innføring;01.01.2024;1A - Innbygger skal ha mulighet for å administrere behandlingsforløp, digital dialog og innsynstjenester gjennom Helsenorge;Innsynstjenester gjennom Helsenorge;;Planlagt;56876000019903034;2026-08
Pasientens rekvisisjoner;"Pasientens rekvisisjoner er en løsning for elektronisk deling av rekvisisjoner på tvers av helsetjenestene.
Pasientens rekvisisjoner er under utvikling og det planlegges en utprøving av en begrenset løsning. 
Helse Vest har en ledende rolle i arbeidet.
Les mer om tjenesten på Norsk helsenett sine hjemmesider.";Utvikling og begrenset utprøving;01.01.2025;1A - Innbygger skal ha mulighet for å administrere behandlingsforløp, digital dialog og innsynstjenester gjennom Helsenorge;Innsynstjenester gjennom Helsenorge;;Planlagt;56876000019903422;2026-08
Pasientens rekvisisjoner, tilpasning og utvidet utprøving;"I 2026 planlegges det for tilpasning og utvidelse av løsning inkludert utvidet utprøving, samt utvikling av brukerfunksjonalitet på Helsenorge.no
Tentativ plan om ferdigstilling av løsning for pasientens rekvisisjoner på tvers av regioner og inkludering av flere leverandører";Tilpasning og utvidet utprøving;01.07.2026;1A - Innbygger skal ha mulighet for å administrere behandlingsforløp, digital dialog og innsynstjenester gjennom Helsenorge;Innsynstjenester gjennom Helsenorge;;Tentativ;56876000019903426;2026-08
Pasientens måledata;"Pasienter og brukere som får digital hjemmeoppfølging, gjennom blant annet velferdsteknologi og helseapper, har ofte behov for behandling fra helsepersonell fra virksomheten i helse- og omsorgstjenesten. Pasientens måledata tilrettelegger for at informasjon om pasienten kan deles på tvers.
Innbygger får anledning til å ivareta sine personvernsrettigheter og se sine måledata på Helsenorge.
Les mer om Pasientens måledata på Helsedirektoratets hjemmesider.";Utvikling og begrenset utprøving;01.07.2024;1A - Innbygger skal ha mulighet for å administrere behandlingsforløp, digital dialog og innsynstjenester gjennom Helsenorge;Innsynstjenester gjennom Helsenorge;;Planlagt;56876000019903430;2026-08
Pasientens journaldokumenter fra avtalespesialister og kommunehelsetjenesten;"Innbygger for gradvis tilgang til dokumenter fra kommune og avtalespesialister som  følge av at flere kilder deler dokumenter.
Les mer om pasientens journaldokumenter på Helsedirektoratets hjemmeside";Innføring;01.01.2027;1A - Innbygger skal ha mulighet for å administrere behandlingsforløp, digital dialog og innsynstjenester gjennom Helsenorge;Innsynstjenester gjennom Helsenorge;;Planlagt;56876000020107040;2026-08
Pasientens prøvesvar (flere aktører som kilde);"Innbygger for gradvis tilgang til flere rekvirerte prøvesvar etter hvert som flere helseaktører blir kilde.
Les mer om Pasientens prøvesvar på Helsedirektoratets hjemmesider, og se statistikk over bruk av tjenesten på Norsk helsenett sine hjemmesider";Innføring;01.01.2027;1A - Innbygger skal ha mulighet for å administrere behandlingsforløp, digital dialog og innsynstjenester gjennom Helsenorge;Innsynstjenester gjennom Helsenorge;;Planlagt;56876000020107043;2026-08
Pasientens måledata, tilpasning og utvidet utprøving;"Innbygger får tilgang til sine måledata på Helsenorge og/eller i applikasjoner som pasienten benytter, eksempelvis til digital hjemme oppfølging.
Les mer om Pasientens måledata på Helsedirektoratets hjemmesider";Tilpasning og utvidet utprøving;01.01.2026;1A - Innbygger skal ha mulighet for å administrere behandlingsforløp, digital dialog og innsynstjenester gjennom Helsenorge;Innsynstjenester gjennom Helsenorge;;Planlagt;56876000020107047;2026-08
Pasientoppsummering;"Pasientoppsummering tilgjengeliggjøres via Helsenorge til innbygger. Pasientoppsummering vil bestå av inntil 18 seksjoner med oppsummerte helseopplysninger, hvorav noen er
obligatoriske. Det antas at følgende seksjoner blir obligatorisk fra mars 2029: Implantater, Kritisk informasjon, Allergier og intoleranse, Legemiddeloppsummering, Helseproblemer og diagnoser, Inngrep og prosedyrer";Utvikling og begrenset utprøving;01.01.2027;1A - Innbygger skal ha mulighet for å administrere behandlingsforløp, digital dialog og innsynstjenester gjennom Helsenorge;Innsynstjenester gjennom Helsenorge;;Tentativ;56876000020107050;2026-08
Pasientoppsummering;Pasientoppsummering vil bestå av inntil 18 seksjoner med oppsummerte helseopplysninger. Ytterligere obligatoriske seksjoner vil bli tilgjengeliggjort innen mars 2031.;Utvikling og begrenset utprøving;01.04.2029;1A - Innbygger skal ha mulighet for å administrere behandlingsforløp, digital dialog og innsynstjenester gjennom Helsenorge;Innsynstjenester gjennom Helsenorge;;Tentativ;56876000020107053;2026-08
Utvikle tjenester for ned- og opplastning av helseopplysninger;Utvikle tjeneste på Helsenorge der innbygger kan laste ned og laste opp helseopplysninger i EU-format. Tjenesten må kunne samhandle med journalsystemene.;Utvikling og begrenset utprøving;01.01.2027;1A - Innbygger skal ha mulighet for å administrere behandlingsforløp, digital dialog og innsynstjenester gjennom Helsenorge;Innsynstjenester gjennom Helsenorge;;Tentativ;56876000020107058;2026-08
Utvikle tjenester der innbygger kan be om overføring av helseopplysninger;Utvikle tjeneste der innbygger kan be om å få overført helseopplysninger til en selvvalgt helsevirksomhet i Norge eller EU/EØS.;Utvikling og begrenset utprøving;01.01.2027;1A - Innbygger skal ha mulighet for å administrere behandlingsforløp, digital dialog og innsynstjenester gjennom Helsenorge;Innsynstjenester gjennom Helsenorge;;Tentativ;56876000020107061;2026-08
Informasjon til innbygger om vesentlig funn fra sekundærbruk;"Konsept for tilgjengeliggjøring av informasjon til innbygger om funn fra sekundærbruk av innbyggers helsedata.
";Konsept;01.10.2026;1A - Innbygger skal ha mulighet for å administrere behandlingsforløp, digital dialog og innsynstjenester gjennom Helsenorge;Innsynstjenester gjennom Helsenorge;;Tentativ;56876000020107063;2026-08
Informasjon til innbygger om vesentlig funn fra sekundærbruk;Utvikle løsning for varsling og tilgjengeliggjøring av informasjon til innbygger om funn av vesentlig betydning for innbyggers helse.;Utvikling og begrenset utprøving;01.04.2027;1A - Innbygger skal ha mulighet for å administrere behandlingsforløp, digital dialog og innsynstjenester gjennom Helsenorge;Innsynstjenester gjennom Helsenorge;;Tentativ;56876000020107065;2026-08
Digitale tjenester tilgjengelig fra fastleger;"I dag tilbyr 90 % av fastlegene tjenester som gir mulighet for e-konsultasjon, e-kontakt, digital fornyelse av resept og timeadministrasjon via Helsenorge.no.
Prosjektet som utviklet digitale tjenester for fastleger er avsluttet, men tjenestene for fastleger er under kontinuerlig utvikling basert på identifiserte behov i sektoren, og egne prosjekter med særskilt finansiering, som for eksempel EPJ-løftet.
På Norsk helsenett sine hjemmesider kan du lese mer om hvilke nasjonale e-helseløsninger som er tilgjengelig og planlagt fra fastleger. ";Innføring;;1A - Innbygger skal ha mulighet for å administrere behandlingsforløp, digital dialog og innsynstjenester gjennom Helsenorge;Tjenester for samhandling med helsetjenesten gjennom Helsenorge;;Planlagt;56876000019902510;2026-08
Digihelse: Felles innføringsløp;"Digihelse gir brukere av hjemmebaserte tjenester og deres pårørende med fullmakt mulighet til å ha dialog med helsetjenestene i sin kommune, via Helsenorge.
Kommuner inviteres til og kan delta på felles innføringsløp på tvers av regioner gjennom felles innføringsløp, les mer på KS sine hjemmesider.";Innføring;01.01.2024;1A - Innbygger skal ha mulighet for å administrere behandlingsforløp, digital dialog og innsynstjenester gjennom Helsenorge;Tjenester for samhandling med helsetjenesten gjennom Helsenorge;;Planlagt;56876000019902742;2026-08
DigiHelsestasjon: Felles innføringsløp;"DigiHelsestasjon kan benyttes av gravide, foreldre med barn i alder 0-16 år og helsepersonell. Med DigiHelsestasjon kan innbygger sende og motta meldinger fra helsestasjon og skolehelsetjenesten.
Kommuner inviteres til å delta i felles innføringsløp på tvers av regioner i regi av KS, les mer om felles innføringsløp på KS siden hjemmesider.
Les mer om DigiHelsestasjon på Norsk helsenett sine hjemmesider";Innføring;01.01.2024;1A - Innbygger skal ha mulighet for å administrere behandlingsforløp, digital dialog og innsynstjenester gjennom Helsenorge;Tjenester for samhandling med helsetjenesten gjennom Helsenorge;;Planlagt;56876000019903002;2026-08
Digital dialog, innføring i Helse Nord;"Helse Nord utvikler sikker dialog mellom pasienten og behandler på sykehus, der spesialisthelsetjenesten starter dialogen. Pasienter som har fått time kan sende digitale meldinger til sykehuset. 
Les mer om Digital dialog mellom pasient og behandler på Helse Nord sine hjemmesider";Innføring;01.01.2025;1A - Innbygger skal ha mulighet for å administrere behandlingsforløp, digital dialog og innsynstjenester gjennom Helsenorge;Tjenester for samhandling med helsetjenesten gjennom Helsenorge;;Planlagt;56876000019903006;2026-08
Digital dialog, innføring Helse Sør-Øst;"Helse Sør-Øst tar i bruk digital dialog mellom behandlende enhet og pasienten, der spesialisthelsetjenesten starter dialogen.
​Pasienter som har fått time kan sende digitale meldinger til sykehuset.";Innføring;01.07.2026;1A - Innbygger skal ha mulighet for å administrere behandlingsforløp, digital dialog og innsynstjenester gjennom Helsenorge;Tjenester for samhandling med helsetjenesten gjennom Helsenorge;;Planlagt;56876000019903010;2026-08
Mine Timeavtaler, Helse Sør-Øst;"Prosjektet mine timeavtaler skal utvikle og innføre en tjeneste der pasienten vil kunne logge inn på Helsenorge og se sine timer, samt ha digital dialog med avdeling om timene, les mer på Sykehuspartner sine hjemmesider.
Helse Sør-Øst har i mai 2026 innført mine timeavtaler for alle timer i DIPS. Det jobbes videre med å dele radiologitimer og videre utvikling til at pasienten kan endre og velge time selv i 2027.";Innføring;01.07.2024;1A - Innbygger skal ha mulighet for å administrere behandlingsforløp, digital dialog og innsynstjenester gjennom Helsenorge;Tjenester for samhandling med helsetjenesten gjennom Helsenorge;;Planlagt;56876000019903018;2026-08
Innføring av tjenester på Helsenorge for offentlig tannhelse;"Innføring av timeadministrasjon og dialog via Helsenorge
Prosjektet DigiDOT ser også behov for skjema og nøytrale henvisninger fra offentlig tannhelse via Helsenorge. 
Les mer om DigiDOT på prosjektets hjemmeside. ";Innføring;01.07.2026;1A - Innbygger skal ha mulighet for å administrere behandlingsforløp, digital dialog og innsynstjenester gjennom Helsenorge;Tjenester for samhandling med helsetjenesten gjennom Helsenorge;;Planlagt;56876000019903254;2026-08
Innføring av tjenester via Helsenorge for manuell- og fysioterapeuter;Digitale løsninger på Helsenorge er tilgjengelig for EPJ-leverandører for manuell- og fysioterapeuter som ønsker å ta i bruk tjenester.;Innføring;01.07.2024;1A - Innbygger skal ha mulighet for å administrere behandlingsforløp, digital dialog og innsynstjenester gjennom Helsenorge;Tjenester for samhandling med helsetjenesten gjennom Helsenorge;;Planlagt;56876000019903258;2026-08
Mitt timevalg, Helse Vest;"Helse Vest arbeider med innføring av Mitt timevalg hvor pasienten endrer/velger time selv.
Les mer om Mitt timevalg på Helse Vest sine hjemmesider, Felles innsats
for å få ned ventetidene - Helse Fonna HF";Innføring;01.01.2022;1A - Innbygger skal ha mulighet for å administrere behandlingsforløp, digital dialog og innsynstjenester gjennom Helsenorge;Tjenester for samhandling med helsetjenesten gjennom Helsenorge;;Planlagt;56876000019903406;2026-08
Digital dialog mot behandlede enhet, Helse Vest;Tentativ plan for innføring av digital dialog med behandlende enhet;Innføring;01.07.2027;1A - Innbygger skal ha mulighet for å administrere behandlingsforløp, digital dialog og innsynstjenester gjennom Helsenorge;Tjenester for samhandling med helsetjenesten gjennom Helsenorge;;Tentativ;56876000020107071;2026-08
Timeavtaler, Helse Nord og Helse Vest;"Timeavtaler som er i drift i Helse Nord og Helse Vest gir pasienten informasjon om framtidige timer hos spesialisthelsetjenesten. Tjenesten gir også pasienten mulighet til å bekrefte timen og sende melding via Helsenorge til sykehus dersom pasienten har spørsmål til timen eller timen ikke passer. Pasienter med videokonsultasjoner kan starte timen fra Helsenorge.  
Les mer om timer på Helse Nord sine hjemmesider.
​Helse Midt har timevisning på Helsenorge";I bruk;;1A - Innbygger skal ha mulighet for å administrere behandlingsforløp, digital dialog og innsynstjenester gjennom Helsenorge;Tjenester for samhandling med helsetjenesten gjennom Helsenorge;;Planlagt;56876000020107074;2026-08
Stegvis utvikling og utprøving av pasientens planer;"I 2024 besluttet Norsk helsenett å finansiere videreutvikling av pasientens planer, les mer på Norsk helsenett sine hjemmesider.
HSØ og Ullensaker kommune med flere og Mitt liv mitt ansvar (Mila) jobber for en utprøving av deling (Egenbehandlingsplan) sammen med DHO og EPJ leverandører. Helsepersonell skal få lese og oppdatere planer fra sitt preferte klinkier verktøy
Videre planlegger Integrerte helsetjenester(IHT) og Aktiv platformen(OUS og HSØ) Aktiv med artrose og Aktiv med Claudicatio intermittens utprøvinger av tjenesten";Tilpasning og utvidet utprøving;01.01.2025;1B - Innbyggere skal ha tilgang på velferdsteknologi og digital hjemmeoppfølging;Deling av Pasientens planer;31.12.2025;Planlagt;56876000019902474;2026-08
Behovsstyrt oppfølging;"Innebærer at pasienter for tilpasset oppfølging basert på informasjon fra pasienten (egenregistrering ved utfylling av skjema og datafangst fra pasientens utstyr).
Alle de regionale helseforetakene tilbyr behovsstyrt oppfølging innen ulike fagområder, eksempelvis onkologi, barnesykdommer, øre-nese-hals sykdommer, lungesykdommer og hjertesykdommer.
Les mer  på Ahus sine hjemmesider.";Utvikling - tilpasning - innføring;;1B - Innbyggere skal ha tilgang på velferdsteknologi og digital hjemmeoppfølging;Digital oppfølging fra spesialisthelsetjenesten;;Planlagt;56876000019903282;2026-08
Digitale konsultasjoner;"Digital konsultasjon er konsultasjon utover vanlig video og telefon, for eksempel som konsultasjon, og digital sårbehandling.
Alle helseforetak benytter digitale konsultasjoner.
Les mer om digitale konsultasjoner på Helse Nord sine hjemmesider.
Alle helseforetakene i Helse Sør-Øst tilbyr digital hjemmeoppfølging innen en rekke pasientforløp og tilbudet er økende. Per mai 2026 fikk 8776 (2,84%) pasienter digital hjemmeoppfølging.";Utvikling - tilpasning - innføring;;1B - Innbyggere skal ha tilgang på velferdsteknologi og digital hjemmeoppfølging;Digital oppfølging fra spesialisthelsetjenesten;;Planlagt;56876000019903586;2026-08
Hjemmesykehus;"Konseptutredning hjemmesykehus våren/høsten2026 med gradvis innføring fra høsten 2026 og utover 2027. 
Aktiviteter pågår i flere helseregioner
​I Helse Midt Norge gjennomfører en konseptutredning for hjemmesykehus i samarbeid med helsefellesskapet i søndre del av Trøndelag i tillegg til at man skal prøve ut hjemmesykehusfunksjonalitet i Helseplattformen.";Konsept;01.07.2026;1B - Innbyggere skal ha tilgang på velferdsteknologi og digital hjemmeoppfølging;Digital oppfølging fra spesialisthelsetjenesten;;Planlagt;56876000020123018;2026-08
Innføring velferdsteknologi i kommunene;"Velferdsteknologi er et viktig tiltak for å møte de demografiske utfordringene kommunene står ovenfor, mange bruker opplever økt livskvalitet ved bruk av Velferdsteknologi.
Mange kommuner strever med innføring, dette er et komplekst bilde som krever endringsledelse, tverrfaglighet, helhetlig implementering og gevinstrealisering. Å implementere velferdsteknologi i tjenestene innebærer anskaffelse av utstyr, men også
kompetansehevning og integrering av teknologien i helhetlige tjenestemodeller.
​Ler mer om modell for innføring av velferdsteknologi på KS sine hjemmesider, og om Velferdsteknologi på Helsedirektoratets hjemmesider.";Innføring;01.01.2024;1B - Innbyggere skal ha tilgang på velferdsteknologi og digital hjemmeoppfølging;Velferdsteknologi og digital hjemmeoppfølging;31.12.2026;Planlagt;56876000019902462;2026-08
Felles innføringsløp av velferdsteknologisk knutepunkt (VKP);"Velferdsteknologisk knutepunkt (VKP) ble overført fra Direktoratet for e-helse til Norsk helsenett høsten 2022, og inngikk fra 1.
januar 2024 i den nasjonale e-helseløsningen Helsenettet.
• Det er mange kommuner som ønsker å benytte VKP, så det forventes at utbredelsen vil
øke fra 2024.
• Les mer om hvordan komme i gang med VKP og se oversikt over antall kommuner som bruker VPK på
Norsk Helsenett sine hjemmesider.
•KS inviterer til felles innføringsløp for VKP, som gjennomføres puljevis.";Innføring;01.01.2024;1B - Innbyggere skal ha tilgang på velferdsteknologi og digital hjemmeoppfølging;Velferdsteknologi og digital hjemmeoppfølging;;Planlagt;56876000019903262;2026-08
Helseteknologiordningen  (HTO) tilskuddsordningen;"Tilskuddsordningen fra Helseteknologiordningen skal avlaste kommuner som går foran i utprøving og innføring av digitaliseringstiltak.
Les mer om Helseteknologiordningen på Helsedirektoratets hjemmesider.";Innføring;01.01.2024;1B - Innbyggere skal ha tilgang på velferdsteknologi og digital hjemmeoppfølging;Velferdsteknologi og digital hjemmeoppfølging;;Planlagt;56876000019903266;2026-08
Helseteknologiordningen (HTO) - veiledningstjeneste;"Veiledningstjenesten skal svare på spørsmål om myndighetskrav innen de aktuelle teknologiområdene for Helseteknologiordningen.
Målgruppen for veiledningstjenesten er leverandører og virksomheter i helse- og omsorgstjenesten som skal anskaffe, vurdere eller utvikle og tilby helseteknologi  fra Helseteknologiordningen skal avlaste kommuner som går foran i utprøving og innføring av digitaliseringstiltak.
​Les mer om Helseteknologiordningen på Helsedirektoratets hjemmesider";Innføring;01.01.2024;1B - Innbyggere skal ha tilgang på velferdsteknologi og digital hjemmeoppfølging;Velferdsteknologi og digital hjemmeoppfølging;;Planlagt;56876000019903270;2026-08
Spredning og implementering av digital hjemmeoppfølging med utgangspunkt i kommunene;"Det har pågått arbeid knyttet til spredning og implementering av digital hjemmeoppfølging i kommunene siden 2022.
• Digital hjemmeoppfølging skal bidra til helhetlige og sammenhengende tjenester mellom
kommuner og helseforetak, for å sikre gode tjenestetilbud for kronisk syke.
• Det er en målsetning om at alle 19 helsefellesskap har etabler tilbud om digital hjemmeoppfølging innen utgangen av 2024
• Les mer om Digital hjemmeoppfølging på Helsedirektoratets hjemmesider.";Innføring;01.01.2022;1B - Innbyggere skal ha tilgang på velferdsteknologi og digital hjemmeoppfølging;Velferdsteknologi og digital hjemmeoppfølging;;Planlagt;56876000019903278;2026-08
Helseverktøy (Helsenorge);"På Helsenorge finnes en rekke digitale hjelpemidler som kan brukes til å mestre og forbedre egen helse, på egenhånd eller i samarbeid med behandler.
Verktøyene på Helsenorge er digitale, de kan være enkle videoer eller verktøy for hjemmeoppfølging av pasienter, og tilgjengelig som apper på mobiltelefon eller via nettleser.
Les mer på Helsenorge.no.";I bruk;01.01.2025;1C - Innbygger skal ha tilbud om relevante digitale selvhjelp-,læring- og mestringsressurser;Digital selvhjelp;;Planlagt;56876000019903546;2026-08
Nettbasert behandling (inkl. eBehandling) psykisk helsevern;"Ved nettbasert behandling gjennomføres hele eller deler  av behandlingen over internett. Dette inkl. eBehandling som er en kunnskapsbasert behandling via digital plattform til pasienter og pårørende i spesialisthelsetjenesten.
Innen psykisk helsevern har alle de regionale helseforetakene en rekke tilbud til pasienter med ulike psykiatriske lidelser, eksempelvis for panikklidelser, depresjon sosial angst, stressmestring og insomni.
I tillegg utarbeides det en løsning for at pasienter kan fylle ut et screeningsskjema som fungerer som en selvhenvisning til rettighetsvurdering for eBehandling. Løsningen heter “Direkte kontakt” og pasienten fyller ut skjema i helsenorge.no og sendes over til Helseplattformen.
St. Olavs hospital HF har også etablert et samarbeidsprosjekt med Trondheim kommune, prosjekt eTeam, om felles inntak og tettere samarbeid om nettbasert behandling.
Les mer på Helse Nord sine hjemmesider";Utvikling - tilpasning - innføring;01.01.2024;1C - Innbygger skal ha tilbud om relevante digitale selvhjelp-,læring- og mestringsressurser;Veiledet (eBehandling) internettbehandling fra spesialisthelsetjenesten;;Planlagt;56876000019903554;2026-08
Nettbasert behandling (inkl. eBehandling) somatikk;"Ved nettbasert behandling gjennomføres hele eller deler  av behandlingen over internett. Dette inkl. eBehandling som er en kunnskapsbasert behandling via digital plattform til pasienter og pårørende i spesialisthelsetjenesten.
Det er utviklet en rekke tilbud også for somatiske sykdommer, eksempelvis er det i Helse Vest tatt i bruk løsning for fordøyelsessykdommer og lungesykdommer. I Helse Sør-Øst finnes tilbud om eBehandling for langvarig smerte.
Tilbud innen onkologi, endokrinologi og hjertesykdom er under utvikling.";Utvikling - tilpasning - innføring;01.01.2025;1C - Innbygger skal ha tilbud om relevante digitale selvhjelp-,læring- og mestringsressurser;Veiledet (eBehandling) internettbehandling fra spesialisthelsetjenesten;;Planlagt;56876000019903558;2026-08
Rask psykisk helsehjelp ;"Rask psykisk helsehjelp (RPH) er et lavterskeltilbud og et korttids behandlingstilbud (uten henvisning) i kommunen.
RPH er et tilbud til personer over 16 år med angstlidelser, mild o moderat depresjon, begynnende rusproblemer og/eller søvnvansker.
Les mer i Stortingsmelding 23 «Opptrappingsplan for psykisk helse (2023-2033)";Innføring;;1C - Innbygger skal ha tilbud om relevante digitale selvhjelp-,læring- og mestringsressurser;Veiledet internettbehandling fra kommunale helsetjenester;;Planlagt;56876000019903550;2026-08
DigiHelsestasjon: informasjonstjenester for ungdomsløsning;"Ungdom med samtykke fra foreldre får tilgang til utvalgte tjenester på Helsenorge.
Tjenesten er tilgjengelig fra man er 13 år
Oversikt over resepter, kontaktinformasjon til fastlege, vaksiner og selvbetjeningsverktøy apper
Flere funksjoner er planlagt (bestille time hos fastlege)";Innføring;01.07.2024;1D - Ungdom skal ha tilgang på digitale tjenester;Digitale tjenester til barn og unge (0-16 år);;Planlagt;56876000019903050;2026-08
Veileder for foreldres tilgang til barns digitale innbyggertjenester;"Det er utarbeidet veileder for foreldres tilgang til barns digitale innbyggertjenester fra helse og- omsorgstjenesten. 
Veilederen er utarbeidet for å redusere uønsket variasjon, og hvordan foreldre tilbys digitale tjenester fra helse- og omsorgstjenesten. 
Veileder har vært på høring, les mer på Helsedirektoratet.no";Konsept;01.07.2024;1D - Ungdom skal ha tilgang på digitale tjenester;Digitale tjenester til barn og unge (0-16 år);;Planlagt;56876000019903410;2026-08
Digi-ung: UngMestring;"Programmet DIGI-UNG skal levere lett tilgjengelig, og kvalitetssikret informasjon, veiledning og tjenester til ungdom, gjennom et helhetlig tverrsektorielt digitalt tilbud som bidrar til mestring og selvhjelp.
Prosjektet UngMeistring skal utvikle spill- og nettbaserte behandlinger og selvhjelpsprogram for ungdom 13-18 år. Behandlingene skal ligge i spesialisthelsetjenesten, mens selvhjelpsprogrammene skal gjøres tilgjengelig
for befolkningen på ung.no.
Les mer om Digi-Ung prosjektene på digiung.no";Utvikling og begrenset utprøving;01.01.2022;1D - Ungdom skal ha tilgang på digitale tjenester;Digitale tjenester til barn og unge (0-16 år);31.12.2025;Planlagt;56876000019903542;2026-08
Digitale pasienttjenester for barn og unge, Helse Nord;" Tjenester for ungdom (ledes av Helse Nord RHF) skal gi ungdom mellom 12 og 16 år tilgang til utvalgte helsetjenester på Helsenorge.no.
Les mer om Digitale  pasient- og samhandlingstjenester på prosjektets hjemmeside på helse-nord.no
Arbeid har vært satt på vent til Helsedirektoratets veileder ble publisert, men arbeidet starter opp igjen nå. Les mer i Helse nord sin rapportering på tiltaket i Nasjonal porteføljen. ";Konsept - utvikling;01.09.2026;1D - Ungdom skal ha tilgang på digitale tjenester;Digitale tjenester til barn og unge (0-16 år);;Planlagt;56876000020088012;2026-08
Veileder for foreldres tilgang til barnas digitale innbyggertjenester publiseres ;Det er utarbeidet veileder for foreldres tilgang til barns digitale innbyggertjenester fra helse- og omsorgstjenesten, som skal publiseres i 2026;I bruk;01.01.2026;1D - Ungdom skal ha tilgang på digitale tjenester;Digitale tjenester til barn og unge (0-16 år);;Planlagt;56876000020123024;2026-08
Fosterforeldre: tilgang til digitale tjenester;"Helsedirektoratet samarbeider med Barne-, ungdoms- og familiedirektoratet (Bufdir), Skatteetaten og Norsk Helsenett for
at:
• Relasjon mellom fosterbarn og fosterforeldre skal registreres i folkeregisteret
• Bruke opplysningene til å gi fosterforeldre tilgang til relevante digitale helse- og omsorgstjenester på vegne av barnet de har ansvar for.";Utvikling og begrenset utprøving;01.07.2024;1E - Redusere digitale barrierer;Tiltak for å redusere digitalt utenforskap;;Planlagt;56876000019903054;2026-08
Helhetlig fullmakts løsning for helsesektoren;Utredning er startet og planlagt ferdig i 2025;Konsept;01.01.2025;1E - Redusere digitale barrierer;Tiltak for å redusere digitalt utenforskap;;Planlagt;56876000019903414;2026-08
eID-løsning for alle innbyggere;"Digdir utreder ny nasjonal elD-løsning 
Les mer om eID på Digdir sine hjemmesider";Konsept;01.01.2025;1E - Redusere digitale barrierer;Tiltak for å redusere digitalt utenforskap;;Planlagt;56876000019903418;2026-08
Utvikling og utprøving i Helse Vest og Helse Nord;"Utprøving med alle helseaktører i aktuell region i 2026, Helse Nord og Helse Vest deltar i utprøvingen etter gjennomført tilpasning i fødejournal.
Arbeid mot fødejournal er forsinket. Helse Vest leder arbeidet med å ta ibruk Digitalt helsekort for gravide (DHG) i DIPS Arena på vegne av helseregionene som benytter DIPS i samarbeid med Norsk Helsenett og DIPS AS. Helse Vest planlegger å være i gang med utprøving og innføring av DHG i DIPS Arena i minst ett helseforetak innen utgangen av 2026.";Utvikling - tilpasning;01.01.2026;1F - Gravide skal ha tilgang på digitalt helsekort for gravide;Digitalt helsekort for gravide (DHG);;Planlagt;56876000019902982;2026-08
Videreutvikling og innføring med papirhelsekort;"Behandlingsgrunnlag i kjernejournalforskriften er på plass.
Innføring av tjenesten, hvor noen av helsepersonell som følger den gravide ikke har tilgang til digitalt helsekort enda.
Papirhelsekortet må følge med
Behandlingsgrunnlag i kjernejournalforskriften er på plass.";Tilpasning - innføring;01.01.2027;1F - Gravide skal ha tilgang på digitalt helsekort for gravide;Digitalt helsekort for gravide (DHG);;Planlagt;56876000019902986;2026-08
Nasjonal utvikling av digitalt helsekort;"I 2025 utviklet prosjektet en første versjonen (MVP) som kan testes ut med et fåtall aktører.
Norsk helsenett har i 2025 utviklet brukerflate og samtykkeløsning for den gravide på Helsenorge.no
MVP var klar til utprøving i mai 2025, les mer på Regjeringens hjemmesider.";Utvikling og begrenset utprøving;01.01.2024;1F - Gravide skal ha tilgang på digitalt helsekort for gravide;Digitalt helsekort for gravide (DHG);31.12.2024;Planlagt;56876000019903290;2026-08
Tilpasning og videreutvikling av løsning for digitalt helsekort for gravide;"Gjennom utprøving testes arbeidsflyt, samhandling og samsvar mellom papirhelsekort og digitalt helsekort. 
Alle aktuelle roller som følger opp den gravide som del av den ordinære svangerskapsoppfølgingen deltar.
​Flere helseaktører har mulighet til å deltar i utprøving / innføring av DHG som følge av at flere leverandører har gjennomført nødvendige tilpasninger og helseaktører";Tilpasning og utvidet utprøving;01.05.2025;1F - Gravide skal ha tilgang på digitalt helsekort for gravide;Digitalt helsekort for gravide (DHG);;Planlagt;56876000019903578;2026-08
Utvikling og utprøving i helseregion Helse Sør-Øst;"Helse Sør-Øst skal ha en ledende rolle på vegne av de fire regionene i utprøvingen av DHG.
Sykehus i Vestre Viken deltar i utprøvingen.
Utprøving i Helse Sør-Øst skjer via en egenutviklet web-løsning, som på sikt erstattes av funksjonalitet i elektronisk fødejournal (Partus).  
Helse Sør-Øst planlegger å ta i bruk DHG i Partus ved Akershus universitetssykehus i november. Det er valgt å pause utprøvingen med egenutviklet løsning i Vestre Viken og kraftsamle innsatsen mot utvikling av Partus til bruk for ansatte på føde/barsel.
Les mer i Helse Sør-Øst sin siste rapportering på tiltaket Digitalt helsekort for gravide til Nasjonal e-helseportefølje. ";Utvikling - tilpasning;01.07.2025;1F - Gravide skal ha tilgang på digitalt helsekort for gravide;Digitalt helsekort for gravide (DHG);31.12.2026;Planlagt;56876000019903894;2026-08
Utvikling og utprøving i helseregion Helse Midt-Norge;"Helse Midt Norge etablerer i løpet av høsten 2026 Digitalt helsekort for gravide på alle helseforetak, samt utprøving med alle aktører.
Helse Midt Norge planlegger full innføring i løpet av 2027 og støtter alle aktører i denne innføringen.
Les mer i Helse Midt-Norge sin siste rapportering på tiltaket Digitalt helsekort for gravide til Nasjonal e-helseportefølje. ";Utvikling - tilpasning;01.07.2025;1F - Gravide skal ha tilgang på digitalt helsekort for gravide;Digitalt helsekort for gravide (DHG);31.12.2026;Planlagt;56876000019906720;2026-08
Videreutvikling og innføring uten papirhelsekort;"Behandlingsgrunnlag i kjernejournalforskriften er på plass.
Innføring av tjenesten, hvor tilstrekkelig stor del av helsepersonell som følger den gravide har tilgang til digitalt helsekort.
Papirhelsekortet behøver ikke å følge med";Tilpasning - innføring;01.01.2027;1F - Gravide skal ha tilgang på digitalt helsekort for gravide;Digitalt helsekort for gravide (DHG);;Planlagt;56876000020123031;2026-08
EPJ-løftet;"EPJ-løftet skal bidra til kvalitetsheving av fastlegers, avtalespesialisters, fysio- og manuellterapeuters journalløsninger gjennom at nyttig funksjonalitet og felleskomponenter blir utviklet og tatt i bruk.
Hovedtilnærmingen i arbeidet har vært å samle helseaktører og leverandører av journalløsninger, kartlegge og spesifisere funksjonelle løsninger, og gjennomføre offentlige anskaffelser av IKT-utvikling.
Les mer om EPJ-løftets siste rapportering til Nasjonal e-helseportefølje på Helsedirektoratet.no og på programmets egne hjemmesider på Helsedirektoratet.no.";Utvikling - tilpasning - innføring;;2A - Helsepersonell skal ha tilgang til effektive pasientjournalsystemer inkludert spesialiserte fagsystemer, som er integrert og tilpasset helsehjelpen;Modernisering av EPJ-systemer for fastlege og avtalespesialister;;Planlagt;56876000019902890;2026-08
Videreutvikling av journalsystemer;"Fastleger og avtalespesialister bruker journalsystemer som i ulik grad er tilrettelagt for samhandling og strukturert data.
Det er behov for et journalløft for å gi fastleger og avtalespesialister en enklere arbeidshverdag, og som kan forbedre samhandling med andre deler av helsetjenesten.";Utvikling - tilpasning - innføring;;2A - Helsepersonell skal ha tilgang til effektive pasientjournalsystemer inkludert spesialiserte fagsystemer, som er integrert og tilpasset helsehjelpen;Modernisering av EPJ-systemer for fastlege og avtalespesialister;;Planlagt;56876000019903434;2026-08
Kommune - anskaffelse journalsystemer;"Kommunal helse- og omsorgstjenester har i dag  journalsystemer som i ulik grad er tilrettelagt for samhandling og strukturering av data.
Det er behov for et journalløft for å gi helsepersonell en enklere arbeidshverdag, og som kan forbedre samhandlingen med andre deler av helsetjenesten.
En rekke kommuner er i prosess med å anskaffe ny EPJ til kommunale helseaktører.";Utvikling - tilpasning - innføring;01.01.2025;2A - Helsepersonell skal ha tilgang til effektive pasientjournalsystemer inkludert spesialiserte fagsystemer, som er integrert og tilpasset helsehjelpen;Modernisering av EPJ-systemer i kommunale- og fylkeskommunale helsetjenester;;Planlagt;56876000019902730;2026-08
Felles journalløft: rammer og anbefalinger ;"Felles rammer og anbefalinger skal understøtte kommunenes anskaffelsesprosesser, skape felles retning, samt gi leverandørmarkedet en klarere forståelse av forventinger og rammer som de må forholder seg til i kommende anskaffelser.
Les mer om fellesrammer og anbefalinger ved anskaffelse på KS sine hjemmesider.";Konsept;01.01.2024;2A - Helsepersonell skal ha tilgang til effektive pasientjournalsystemer inkludert spesialiserte fagsystemer, som er integrert og tilpasset helsehjelpen;Modernisering av EPJ-systemer i kommunale- og fylkeskommunale helsetjenester;;Planlagt;56876000019902898;2026-08
Felles journalløft 2.0;Les mer om felles journalløft på KS sine nettsider;Utvikling - tilpasning - innføring;01.01.2026;2A - Helsepersonell skal ha tilgang til effektive pasientjournalsystemer inkludert spesialiserte fagsystemer, som er integrert og tilpasset helsehjelpen;Modernisering av EPJ-systemer i kommunale- og fylkeskommunale helsetjenester;;Planlagt;56876000020123036;2026-08
Fylkeskommune, anskaffelse og innføre journalsystem til offentlig tannhelse;"Fylkeskommunene har gått sammen for å utvikle framtidens digitale løsninger for den offentlige tannhelsetjenesten i prosjektet DigiDOT.
​DigiDOT anskaffer nytt EPJ-system for hele den offentlige tannhelsetjenesten. Les mer om DigiDOT på prosjektets hjemmeside.";Utvikling - tilpasning - innføring;01.01.2025;2A - Helsepersonell skal ha tilgang til effektive pasientjournalsystemer inkludert spesialiserte fagsystemer, som er integrert og tilpasset helsehjelpen;Modernisering av EPJ-systemer i kommunale- og fylkeskommunale helsetjenester;;Planlagt;56876000020123039;2026-08
Helseplattformen, Program brukervennlighet;Program brukervennlighet, et toårig program som skal bedre brukervennlighet, kvalitet og effektiviteten i Helseplattformen  slik at det skal bli enklere for helsepersonell å bruke løsningen.;Innføring;01.01.2025;2A - Helsepersonell skal ha tilgang til effektive pasientjournalsystemer inkludert spesialiserte fagsystemer, som er integrert og tilpasset helsehjelpen;Modernisering av EPJ-systemer i spesialisthelsetjenesten;31.12.2026;Planlagt;56876000019902894;2026-08
Videreutvikling og innføring av vesentlige nye funksjoner og tilpasninger, Helse Vest RHF;"I arbeid med standardisering og strukturering av journal  forventer Helse Vest nytte for klinisk behandling og forbedring av helsetjenesten.
Hva som struktureres og standardiseres bestemmes ut i fra en vurdering av om informasjonene skal gjenbrukes eller deles.
Det jobbes med ny forbedret og standardisert planleggingsprosess via konseptet Pasient involvert planlegging";Innføring;01.01.2024;2A - Helsepersonell skal ha tilgang til effektive pasientjournalsystemer inkludert spesialiserte fagsystemer, som er integrert og tilpasset helsehjelpen;Modernisering av EPJ-systemer i spesialisthelsetjenesten;;Planlagt;56876000019903058;2026-08
Regionalt journalinnsyn, Helse Sør-Øst;"Samtidig som ny versjon av DIPS innføres, får leger, psykologer og forløpskoordinatorer for kreft lesetilgang til journaldata fra andre helseforetak i Helse Sør-Øst som har DIPS Arena.       
Løsningen omfatter journaldokumenter, laboratoriesvar, radiologiske undersøkelser, medisinske koder, operasjoner, behandlingsplan og pasientadministrative data henvisninger og opphold.
Les mer på Sykehuspartner sine hjemmesider.";Innføring;01.01.2024;2A - Helsepersonell skal ha tilgang til effektive pasientjournalsystemer inkludert spesialiserte fagsystemer, som er integrert og tilpasset helsehjelpen;Modernisering av EPJ-systemer i spesialisthelsetjenesten;;Planlagt;56876000019903070;2026-08
EPJ på mobil;"Pasientjournal skal bli tilgjengelig på
mobile enheter for helsepersonell som har behov for dette i hele regionen.
Løsningen vil gi økt kvalitet på behandlingen og spart tid for helsepersonell.
Prosjektet innebærer å anskaffe og innføre DIPS Arena på mobil på elle helseforetak i Helse Sør-Øst.
Helse Sør-Øst har tatt i bruk EPJ på mobil på fire helseforetak i 2026 og planlegger videre innføring til resten av regionen og utvidelse av bruk i 2027.
Les mer om Regional EPJ på mobil på Helse Sør-Øst sine hjemmesider.
Helse Nord og Helse Vest har tatt i bruk Arena Mobil. I Helse Vest jobbes det med å øke bruken og hente ut nytten";Innføring;01.01.2025;2A - Helsepersonell skal ha tilgang til effektive pasientjournalsystemer inkludert spesialiserte fagsystemer, som er integrert og tilpasset helsehjelpen;Modernisering av EPJ-systemer i spesialisthelsetjenesten;;Planlagt;56876000019903482;2026-08
DIPS Arena, Helse Sør-Øst;"DIPS Arena erstatter DIPS Classic. Arena skal støtte helhetlige, effektive arbeidsprosesser, øke tilgang til prosess- og beslutningsstøtte for kliniske arbeidsprosesser samt legge til rette for strukturering av journalinformasjon.
Helse Sør-Øst var ferdig med innføring av DIPS Arena innen utgangen av 2025 
​Les mer om modernisering av EPJ i Helse Sør-Øst på Sykehuspartner sine nettsider";Innføring;01.04.2021;2A - Helsepersonell skal ha tilgang til effektive pasientjournalsystemer inkludert spesialiserte fagsystemer, som er integrert og tilpasset helsehjelpen;Modernisering av EPJ-systemer i spesialisthelsetjenesten;02.11.2025;Planlagt;56876000019903646;2026-08
DIPS Arena - Helse Nord og Helse Vest;"Helse Nord og Helse Vest har innført DIPS Arena som regional løsning til erstatning for DIPS Classic.
Ny løsning skal støtte helhetlige, effektive arbeidsprosesser, øke tilgang til prosess og beslutningstøtte for kliniske arbeidsprosesser samt legge til rette for strukturering av journalinformasjon.
Helse Vest jobber proaktivt med oppgraderinger for å kunne ta ibruk forbedret og ny funksjonalitet tidlig";I bruk;;2A - Helsepersonell skal ha tilgang til effektive pasientjournalsystemer inkludert spesialiserte fagsystemer, som er integrert og tilpasset helsehjelpen;Modernisering av EPJ-systemer i spesialisthelsetjenesten;;Planlagt;56876000020123041;2026-08
DIPS Arena, Helse Sør-Øst;"Helse Sør-Øst har tatt i bruk DIPS Arena, modernisert pasientjournalsystem vil bidra til enklere informasjonsdeling mellom behandlingssteder, tryggere, enklere og mer effektiv pasientbehandling.
Les mer  om modernisering av EPJ i Helse Sør-Øst på Sykehuspartner sine nettsider";I bruk;01.01.2026;2A - Helsepersonell skal ha tilgang til effektive pasientjournalsystemer inkludert spesialiserte fagsystemer, som er integrert og tilpasset helsehjelpen;Modernisering av EPJ-systemer i spesialisthelsetjenesten;;Planlagt;56876000020123044;2026-08
Digital patologi, innføring i Helse Sør-Øst RHF;"Prosjektet vil bedre mulighetene for samhandling og kunnskapsdeling mellom foretakene og gi likere og raskere diagnostikk til beste for pasientene. Løsningen vil også bedre utnyttelsen av tilgjengelig kapasitet i regionen. 
Les mer om Digital patologi på Sykehuspartner sine hjemmesider. ";Innføring;01.07.2023;2A - Helsepersonell skal ha tilgang til effektive pasientjournalsystemer inkludert spesialiserte fagsystemer, som er integrert og tilpasset helsehjelpen;Spesialiserte fagsystemer i spesialisthelsetjenesten;;Planlagt;56876000019903078;2026-08
Multimediearkiv og radiologi i Helse Sør-Øst;"Prosjektet vil ha stor nytteverdi for helseforetakene og gjøre det enklere å dele bilder og andre data både regionalt og nasjonalt. Brukerne får tilgang til en moderne løsning som holdes løpende oppdatert med ny teknologi og feilrettinger.
Regional radiologi fortsetter ut 2028. Fire helseforetak (OUS, SiV, SS og Ahus) er per mai 2026 på regional løsning.
Les mer på Sykehuspartner sine hjemmesider.";Tilpasning - innføring;01.04.2024;2A - Helsepersonell skal ha tilgang til effektive pasientjournalsystemer inkludert spesialiserte fagsystemer, som er integrert og tilpasset helsehjelpen;Spesialiserte fagsystemer i spesialisthelsetjenesten;;Planlagt;56876000019903530;2026-08
Helseplattformen, Helse Midt-Norge;Helseplattformen har funksjonalitet som har erstattet de fleste spesialiserte fagsystemer (eksempelvis for laboratorie, radiologi, fødesystem, Hjertemedisin, anestesi).;I bruk;;2A - Helsepersonell skal ha tilgang til effektive pasientjournalsystemer inkludert spesialiserte fagsystemer, som er integrert og tilpasset helsehjelpen;Spesialiserte fagsystemer i spesialisthelsetjenesten;;Planlagt;56876000020123048;2026-08
Støtte til legemiddelhåndtering;"Støtte til legemiddelhåndtering innebærer at elektroniske pasientjournaler (EPJ) har integrasjon til Sentral forskrivningsmodul (SFM) eller tilsvarende for å gi en oppdatert oversikt over ordinasjoner og resepter for pasientens legemiddelbruk.
Det bør også kunne varsles om risiko relatert til legemiddelbehandling, samt støtte for at helsepersonell skal kunne dokumentere administrering av legemidler inkl. funksjon for signering og dobbeltkontroll.
Les mer på om funksjonelle behov til journalsystemer KS sine hjemmesider.";Konsept;01.01.2025;2B - Helsepersonell skal ha tilgang til IT-støtte for legemidler, og strukturerte kliniske målinger og observasjoner;Digital legemiddelhåndtering i kommunale helse- og omsorgstjenester;;Planlagt;56876000019903570;2026-08
Felles krav og anbefalinger, KS;"Felles rammer og anbefalinger ved anskaffelser av journalløsninger i kommunene er ment som er underlag til bruk ved anskaffelser av kommunenes EPJ-system
Les mer omfelles rammer og anbefalinger ved anskaffelse på KS sine hjemmesider";Konsept;01.01.2025;2B - Helsepersonell skal ha tilgang til IT-støtte for legemidler, og strukturerte kliniske målinger og observasjoner;Digital legemiddelhåndtering i kommunale helse- og omsorgstjenester;;Planlagt;56876000019903574;2026-08
Lukket legemiddelsløyfe, Helse Sør-Øst RHF;"Prosjektet skal etablere en regional standard for lukket legemiddelsløyfe som kan innføres ved alle helseforetakene i regionen, og omfatte alle administrasjons former og type legemidler. 
En regional standard for lukket legemiddelsløyfe skal bi bedre kvalitet og færre legemiddelfeil. 
Les mer om Lukket legemiddelsløyfe på Sykehuspartner sine hjemmesider.";Innføring;01.04.2022;2B - Helsepersonell skal ha tilgang til IT-støtte for legemidler, og strukturerte kliniske målinger og observasjoner;Medikasjon- og kurvesystemer i sykehustjenesten;;Planlagt;56876000019903062;2026-08
Klinisk legemiddelsamhandling, Helse Sør-Øst;"Prosjektet skal bidra til å bedre legemiddelhåndteringen i Helse Sør-Øst. Prosjektet skal sikre sømløs overføring av legemiddelinformasjon mellom aktuelle fagsystemer i regionen og nasjonale tjenester som e-resept, kjernejournal og pasientens legemiddelliste (PLL). 
Les mer om Klinisk legemiddelsamhandling på Sykehuspartner sine hjemmesider og i siste rapportering til Nasjonale-helseportefølje på Helsedirektoratet.no";Innføring;01.04.2022;2B - Helsepersonell skal ha tilgang til IT-støtte for legemidler, og strukturerte kliniske målinger og observasjoner;Medikasjon- og kurvesystemer i sykehustjenesten;;Planlagt;56876000019903066;2026-08
Integrasjon mellom EPJ og kurve, Helse Vest RHF;"Integrasjon mellom EPJ og kurve har fokus på kritisk informasjon og samstemte legemiddellister ved innkomst (LVI) og utreise (LVU).
Arbeidet med integrasjon for kritisk informasjon (legemiddelreaksjoner) pågår, og er planlagt medio 2027.
På grunn av nylig gjennomført bytte av e-reseptløsning i Helse Vest, er LVI og LVU utsatt, og vil bli gjennomført i perioden medio 2026-2027";Tilpasning - innføring;01.01.2024;2B - Helsepersonell skal ha tilgang til IT-støtte for legemidler, og strukturerte kliniske målinger og observasjoner;Medikasjon- og kurvesystemer i sykehustjenesten;;Planlagt;56876000019903250;2026-08
Innføring av Kurve- og medikasjonsmodul på spesialområdene, Helse Vest RHF;"Innføring av kurve- og medikasjonsløsninger for alle foretak i Helse Vest skal dekke grunnleggende behov for sengepost, poliklinikk og utvalgte spesialområder.
Løsningen er levert og tatt i bruk på alle sengeposter på sykehusene, og ved de fleste poliklinikker/dagbehandlinger hvor det administreres legemidler. Løsningen er også tatt i bruk på alle intensivavdelinger i regionen, med unntak av Haukeland Universitetssjukehus som har egen kurve- og medikasjonsløsning for intensiv.
Helse Vest har pågående aktivitet for å videreutvikle og innføre løsningen på nyfødtintensiv, for anestesi. Målet er å fullføre disse løpene innen året 2027-2028. Det er besluttet å innføre Cytodose 6.x. som regional løsning for medikamentell kreftbehandling. Løsningen vil bli innført i perioden 2027-29";Innføring;;2B - Helsepersonell skal ha tilgang til IT-støtte for legemidler, og strukturerte kliniske målinger og observasjoner;Medikasjon- og kurvesystemer i sykehustjenesten;;Planlagt;56876000019903298;2026-08
Elektronisk medikasjons- og kurveløsning, Helse Nord;"Helse Nord har tatt i bruk ny medikasjonsløsning fra DIPS –DIPS Arena Medikasjon – i samtlige helseforetak i regionen.
Løsningen gir behandlere en samlet oversikt over legemiddelbehandling, observasjoner og målinger for inneliggende pasienter.";I bruk;;2B - Helsepersonell skal ha tilgang til IT-støtte for legemidler, og strukturerte kliniske målinger og observasjoner;Medikasjon- og kurvesystemer i sykehustjenesten;;Planlagt;56876000020123052;2026-08
Medikasjon.- og kurve i Helseplattformen, Helse Midt- Norge;"Med Helseplattformen har spesialist- og kommunale helsetjenester medikasjon og kurve funksjonalitet i felles journal.
Spesialisthelsetjenesten har også lukket legemiddelsløyfe med Helseplattformen.";I bruk;;2B - Helsepersonell skal ha tilgang til IT-støtte for legemidler, og strukturerte kliniske målinger og observasjoner;Medikasjon- og kurvesystemer i sykehustjenesten;;Planlagt;56876000020123055;2026-08
Kurve på mobil;"Kurve på mobil er fortsatt under utvikling i Helse Sør-Øst. En egenutviklet MVP er klar for utprøving høsten 2026.
Helse Vest har gjennomført en utprøving av mobil arbeidsflate for kurve/medikasjon med positive tilbakemeldinger fra sluttbruker. I 2026 vil Helse Vest innføre løsningen i begrenset omfang for å få økt innblikk i innføringsmetodikk, gevinstpotensialet og eventuelle utviklingsbehov";Tilpasning - innføring;01.01.2026;2B - Helsepersonell skal ha tilgang til IT-støtte for legemidler, og strukturerte kliniske målinger og observasjoner;Medikasjon- og kurvesystemer i sykehustjenesten;;Planlagt;56876000020123059;2026-08
Prehospital EPJ, alle RHF;"Innføring av Prehospital elektronisk pasientjournal (P-EPJ) er planlagt innført i Helse Nord RHF i løpet av 2024, øvrige helseregioner har tatt løsningen i bruk.
P-EPJ er eksempelvis tilgjengelig for ambulanse (Legevakter har andre fagsystemer)";Innføring;01.01.2021;2C - Helsepersonell i akuttmedisinsk kjede herunder prehospitalt skal lettere kunne koordinere helsehjelp i effektive pasientforløp;Modernisering av IT-systemer og annen teknologi brukt i ambulansene;;Planlagt;56876000019902738;2026-08
Multimonitor: tilpasning utvidet utprøving ;"Etablering av teknisk plattform. Plattform er konfigurert og satt opp for mottak av alle samarbeidene aktører.
Overgang til nasjonalt multimonitorløsning i fjerde kvartal 2024
Første foretak som benytter plattformen er Vestre Viken, men OUS og AHUS har også tatt i bruk løsningen.";Tilpasning og utvidet utprøving;01.04.2024;2C - Helsepersonell i akuttmedisinsk kjede herunder prehospitalt skal lettere kunne koordinere helsehjelp i effektive pasientforløp;Modernisering av IT-systemer og annen teknologi brukt i ambulansene;;Planlagt;56876000019903086;2026-08
Multimonitor, innføring;"Helse Nord har planer for innføring innen utgangen av 2027.
Multimonitor er innført i øvrige helseregioner.
Det legges til rette for at primærhelsetjenesten skal kunne benytte løsningen i fremtiden.";Innføring;31.10.2024;2C - Helsepersonell i akuttmedisinsk kjede herunder prehospitalt skal lettere kunne koordinere helsehjelp i effektive pasientforløp;Modernisering av IT-systemer og annen teknologi brukt i ambulansene;;Planlagt;56876000019903090;2026-08
HP-link for ambulanse i Helse Midt;"Tilgang til HP-link for ambulanse i Midt-Norge som gir ambulansepersonell lesetilgang tilpasientjournalen.
Les mer om Helseplattformen og HP link på Helseplattformens hjemmesider";I bruk;;2C - Helsepersonell i akuttmedisinsk kjede herunder prehospitalt skal lettere kunne koordinere helsehjelp i effektive pasientforløp;Modernisering av IT-systemer og annen teknologi brukt i ambulansene;;Planlagt;56876000020123062;2026-08
AMK IKT: utvikling og begrenset utprøving;"Anskaffelse av ny AMK IKT-løsning med tilhørende kartløsning ble gjennomført i 2020.
• Dagens IKT-løsning i de akuttmedisinske kommunikasjonssentralene (AMK) er fragmentert og det er begrenset mulighet for helhetlig arbeidsflyt på tvers av sentralene.
• Løsningene skal piloteres ved AMK Bergen og AMK Oslo før videre utrulling til øvrige AMK-sentraler. 
• Les mer om Nasjonal IKT-løsning for AMK i Helse Sør-Øst på Sykehuspartner sine hjemmesider.  ";Utvikling - tilpasning;01.01.2023;2C - Helsepersonell i akuttmedisinsk kjede herunder prehospitalt skal lettere kunne koordinere helsehjelp i effektive pasientforløp;Ny AMK- og legevaktsentral løsning;;Planlagt;56876000019903094;2026-08
Innføring AMK IKT;Innføring i øvrige helseregioner vil gjøres etappevis i samarbeid med valgt leverandør. ;Innføring;01.01.2025;2C - Helsepersonell i akuttmedisinsk kjede herunder prehospitalt skal lettere kunne koordinere helsehjelp i effektive pasientforløp;Ny AMK- og legevaktsentral løsning;;Planlagt;56876000019903102;2026-08
KAK: Utvikling og implementering;"Kommunikasjonsløsning for Akuttmedisinsk Kjede (KAK), prosjekt for anskaffelse og etablering av dagens kommunikasjonsløsning for helse i nødnett, ICCS.
For å møte dagens - og fremtidens behov inngikk HDO (Helsetjenestens driftsorganisasjon)  den 8. september 2023, kontrakt med Frequentis AG om leveranse av produktet LifeX 3020. Denne løsningen vil gi økt fleksibilitet, inneha fremtidsrettet funksjonalitet, samt at den vil bli mer kostnadseffektiv å forvalte. 
Utvikling og implementeringsfasen planlegges ferdig i Q1 2025 Les mer om KAK på HDO sine hjemmesider.";Utvikling og begrenset utprøving;01.10.2023;2C - Helsepersonell i akuttmedisinsk kjede herunder prehospitalt skal lettere kunne koordinere helsehjelp i effektive pasientforløp;Ny AMK- og legevaktsentral løsning;;Planlagt;56876000019903106;2026-08
KAK: tilpasning og utvidet utprøving ;"Tilpasning av applikasjonen som skal integreres og samspille med andre løsninger.
Dette kan eksempelvis være autentisering (HelseID), kartlegge operasjonell konfigurasjonsdata (som kodeverk samt avklare hvilke kontrollrom som skal kunne ta over for og støtte hverandre), nettverkskonfigurasjon og oppsett av operatørplasser for pilot. 
Pilot gjennomføres med legevaktsentralene i Lofoten og Bodø, akuttmottakene i romsø, samt AMK-sentralene i Trondheim og Ålesund. 
Les mer om KAK på HDO sine hjemmesider.";Tilpasning og utvidet utprøving;01.02.2025;2C - Helsepersonell i akuttmedisinsk kjede herunder prehospitalt skal lettere kunne koordinere helsehjelp i effektive pasientforløp;Ny AMK- og legevaktsentral løsning;;Planlagt;56876000019903110;2026-08
KAK Innføring;"Innføring av KAK på Legevaktsentraler planlegges i 2026. 
Innføring med AMK-sentraler (akuttmedisinske kommunikasjonssentralene) i første halvår 2026, samkjørt med nytt kart- og oppdragshåndteringsverktøy";Innføring;01.01.2026;2C - Helsepersonell i akuttmedisinsk kjede herunder prehospitalt skal lettere kunne koordinere helsehjelp i effektive pasientforløp;Ny AMK- og legevaktsentral løsning;;Planlagt;56876000019903114;2026-08
Forprosjekt for nytt nødnett;Utarbeidelse av sentralt styringsdokument (SSD) som skal gi tilstrekkelig grunnlag for å vurdere prosjektets usikkerhet, anbefaling om kostnadsramme, samt gi føringer for styring av prosjektet i gjennomføringsfasen.;Konsept;01.01.2026;2C - Helsepersonell i akuttmedisinsk kjede herunder prehospitalt skal lettere kunne koordinere helsehjelp i effektive pasientforløp;Nytt nødnett;;Planlagt;56876000019903438;2026-08
Ekstern kvalitetssikring;"Kvalitetssikring av leveranser fra forprosjektet, etablering av test- og utviklingsarena og oppstart av testaktiviteter, forberedelse for anskaffelser gjennom kravstilling og gjennomføring av anskaffelser. De ulike leveransene som anskaffes skal sammen utgjøre det nye nødnettet.
​Les mer om Nødnett på HDO sine nettside";Konsept;01.07.2026;2C - Helsepersonell i akuttmedisinsk kjede herunder prehospitalt skal lettere kunne koordinere helsehjelp i effektive pasientforløp;Nytt nødnett;;Planlagt;56876000019903442;2026-08
Gjennomføringsfasen;"Investeringsbeslutning våren 2027, som etterfølges av gjennomføringsfasen. I gjennomføringsfasen planlegges følgende aktiviteter: anskaffelse og etablering av løsninger og tjenester, klargjøring og gjennomføring av innføring / migrering. 
Les mer om Nødnett på HDO sine nettside";Utvikling - tilpasning - innføring;01.03.2027;2C - Helsepersonell i akuttmedisinsk kjede herunder prehospitalt skal lettere kunne koordinere helsehjelp i effektive pasientforløp;Nytt nødnett;;Tentativ;56876000019903446;2026-08
Utvikling og tilpasning av e-multidose til Helseplattformen ;"Det pågående arbeid i Helse Midt for å få på plass elektronisk multidose via nasjonale integrasjoner. 
Les mer om multidose i e-resept på Norsk helsenett sine hjemmesider og oversikt over virksomheter som har tatt i bruk e-multidose på Norsk helsenett sine nettsider.";Utvikling - innføring;01.01.2022;2D - Helsepersonell skal ha tilgang til pasientens legemiddelliste (PLL);Innføring av e-multidose (eMD) til fastleger og apotek;;Planlagt;56876000019903122;2026-08
E-multidose i Helseplattformen;"Innføring av e-multidose i Helseplattformen er planlagt i fjerde kvartal 2025. E-multidose vil være tilgjengelig for nye aktører med innføring av Helseplattformen.
Les mer om e-multidose i Helseplattformen i Helse Midt- Norge sin rapportering på Pasientens legemiddelliste til Nasjonal portefølje";Innføring;01.11.2025;2D - Helsepersonell skal ha tilgang til pasientens legemiddelliste (PLL);Innføring av e-multidose (eMD) til fastleger og apotek;;Planlagt;56876000019903126;2026-08
E-multidose: innføring;"E-multidose venter fortsatt i stor grad på utbredelse av SFM til fastleger og støtte for e-multidose i apotek, som er nødvendig for å øke farten på e-multidose
Det er fortsatt mange fastlegekontorer som ikke er på eMD, innføring vil pågå utover 2026. For å øke kvaliteten på eMD må fastleger konvertere alle sine multidosepasienter over på eMD.
Innføring av eMD til fastleger i Helse Midt regionen, som ikke bruker Helseplattformen vil pågå ut 2027.
Oversikt over virksomheter som har tatt i bruk e-multidose finnes på Norsk helsenett sine hjemmesider";Innføring;01.01.2024;2D - Helsepersonell skal ha tilgang til pasientens legemiddelliste (PLL);Innføring av e-multidose (eMD) til fastleger og apotek;;Planlagt;56876000019903306;2026-08
Tilpasning og innføring av PLL til PLO, ØHD/KAD og legevakt i helseregion Sør-Øst;"Innføringsområdene defineres rundt helsefellesskapene og omfatter sykehus, kommunale helse og omsorgstjenester, fastleger, avtalespesialister og apotek.
Det pågår forberedelser til å etablere PLL prosjekter, og planlegging av oppstart PLL i helseregion Sør-Øst i løpet av 2026.
Les mer om PLL på Helsedirektoratets hjemmesider.
Les også om PLL i KS sin rapportering og Helse Sør-Øst sin rapportering til nasjonal portefølje, på Helsedirektoratets hjemmesider. ";Tilpasning - innføring;01.01.2026;2D - Helsepersonell skal ha tilgang til pasientens legemiddelliste (PLL);Innføring av Pasientens legemiddelliste (PLL);;Planlagt;56876000019902522;2026-08
Tilpasning og utvidet utprøving i Helse Bergen og Bergensområdet;"Pasientens legemiddelliste er under begrenset utprøving i Helse vest og Bergen kommune.
Helse Vest planlegger videre innføring av PLL i Bergensområdet, oppstart høsten 2024. Det omfatter spesialisthelsetjenesten i området og de 18 kommunene i helsefellesskapet rundt Helse Bergen. Utvikling av full støtte for PLL i EPJ (DIPS) forventes å strekke seg ut i 2025.
Digivestland har etablert et prosjekt for kommunene i regionen som samarbeider med Helse Vest sitt prosjekt. Utvidet utprøvning er under planlegging, mobilisering og forberedelser pågår.
Les mer om status på prosjektet på Helsedirektoratets hjemmeside og siste rapportering på tiltaket Pasientens legemiddelliste til Nasjonal e-helseportefølje på helsedirektoratet.no.";Tilpasning og utvidet utprøving;01.04.2024;2D - Helsepersonell skal ha tilgang til pasientens legemiddelliste (PLL);Innføring av Pasientens legemiddelliste (PLL);;Planlagt;56876000019902774;2026-08
Tilpasning og innføring av PLL i Helse Nord RHF;"Løsning for PLL ble satt i produksjon i sykehusene i Helse Nord i juni 2025. Teknisk og funksjonell løsning blir videreutvikler i samarbeid mellom klinisk miljø, prosjektet og EPJ-leverandør.
Utprøving og innføring av PLL i samarbeide med kommuner og fastleger i regionen fortsetter i 2026.
​Les mer om PLL i nord på Helse Nord sine hjemmesider og i Helse Nord sin siste rapportering på tiltaket Pasientens legemiddelliste til Nasjonal portefølje.";Tilpasning - innføring;01.10.2024;2D - Helsepersonell skal ha tilgang til pasientens legemiddelliste (PLL);Innføring av Pasientens legemiddelliste (PLL);;Planlagt;56876000019902782;2026-08
Tilpasning og innføring av PLL til fastleger i helseregion Sør-Øst;"Innføringsområdene
defineres rundt helsefellesskapene og omfatter sykehus, kommunale helse og
omsorgstjenester, fastleger, avtalespesialister og apotek.
Fastlegen bør starte, da de som hovedregel oppretter pasientens første legemiddelliste.
Det pågår forberedelser til å etablere PLL prosjekter, og planlegging av oppstart PLL i helseregion Sør-Øst i løpet av 2026.
Les mer om PLL på Helsedirektoratets hjemmesider.";Tilpasning og utvidet utprøving;01.01.2026;2D - Helsepersonell skal ha tilgang til pasientens legemiddelliste (PLL);Innføring av Pasientens legemiddelliste (PLL);;Planlagt;56876000019903166;2026-08
Tilpasning, utvidet utprøving og Innføring av PLL i Helse Vest RHF;"Pasientens legemiddelliste er under begrenset utprøving i Helse vest og Bergen kommune.
Helse Vest planlegger videre innføring av PLL i Bergensområdet, oppstart høsten 2024. Det omfattet spesialisthelsetjenesten i området og de 18 kommunene i helsefellesskapet rundt Helse Bergen.
Avtalespesialister i området får tilbud om opplæring sammen med fastleger som bruker same EPJ-system, flere av disse oppdaterer nå PLL.
Helse Vest samarbeider nå med de øvrige helsefellesskapene i regionen (Førde, Fonna og Stavanger) og Digi-nettverkene i Vestland og Rogaland om videre bredding av PLL i regionen. 
Les mer om PLL på Helse Bergen sine hjemmesider  og i siste rapportering på tiltaket Pasientens legemiddelliste til Nasjonal e-helseportefølje på helsedirektoratet.no.";Tilpasning - innføring;01.01.2026;2D - Helsepersonell skal ha tilgang til pasientens legemiddelliste (PLL);Innføring av Pasientens legemiddelliste (PLL);;Planlagt;56876000019903322;2026-08
Tilpasning og innføring av  PLL i helseregion Midt-Norge (Helseplattformen);"Det er utarbeidet  i Q1 2026 en plan for innføring av PLL i region Midt-Norge
Det er i Q1 og Q2 2026 jobbet aktivt opp mot Norsk helsenett og Helsedirektoratet for å få på plass rekvirentkrav og dispensasjon som har vært en forutsetning for å kunne bestille nødvendig utvikling i Helseplattformløsningen. Dette kom på plass medio mai. Det er sendt change request til Epic og det pågår dialog rundt løsningsforslag. Utfra dette er det utarbeidet en foreløpig  fremdriftsplan for innføring av PLL i Midt-Norge.
Les mer om innføring av PLL i Helse-Midt Norge i siste rapportering på tiltaket til Nasjonal portefølje på Helsedirektoratets hjemmesider.";Tilpasning - innføring;01.01.2026;2D - Helsepersonell skal ha tilgang til pasientens legemiddelliste (PLL);Innføring av Pasientens legemiddelliste (PLL);;Planlagt;56876000019903326;2026-08
Tilpasning, utvidet utprøving og innføring av PLL til fastleger i helseregion vest;"Digivestland har etablert et prosjekt for kommunene i regionen som samarbeider med Helse Vest sitt prosjekt.
Ved utgangen av Q1 2026 har 90% av fastlegene i Bergensområdet startet med  PLL.
Avtalespesialister i området får tilbud om opplæring sammen med fastleger som bruker same EPJ-system, flere av disse oppdaterer nå PLL.
Les mer om PLL i Bergen kommune sin siste rapportering på tiltaket til Nasjonal portefølje på Helsedirektoratets hjemmeside og på Digivestland sin temaside om PLL";Tilpasning - innføring;01.01.2026;2D - Helsepersonell skal ha tilgang til pasientens legemiddelliste (PLL);Innføring av Pasientens legemiddelliste (PLL);;Planlagt;56876000019903606;2026-08
Tilpasning og innføring av PLL til PLO, ØHD/KAD og legevakt i helseregion vest;"Digivestland har etablert et prosjekt for kommunene i regionen som samarbeider med Helse Vest sitt prosjekt.
Utvidet utprøvning er under planlegging, mobilisering og forberedelser pågår.
Les mer om PLL i Bergen kommune sin siste rapportering på tiltaket til Nasjonal portefølje på Helsedirektoratets hjemmeside og på Digivestland sin temaside om PLL";Tilpasning - innføring;01.01.2026;2D - Helsepersonell skal ha tilgang til pasientens legemiddelliste (PLL);Innføring av Pasientens legemiddelliste (PLL);;Planlagt;56876000019903610;2026-08
Tilpasning og innføring av PLL til fastleger i helseregion Nord;"Kommuner i Nord har ansvar for utprøving og innføring av PLL hos fastleger. I desember 2025 har rundt 60 av 140 legekontorer i regionen tatt i bruk PLL, og mer enn 55 000 pasienter i nord har fått sin PLL. Les mer i nyhetsbrevet fra Helse Nord publisert desember 2025.
Mer informasjon om PLL i nord finnes også på Helse Nord sine hjemmesider, og i rapporteringen fra Bodø, Hammerfest, Rana og Tromsø kommune, Helse Nord og KS til Nasjonal portefølje på Helsedirektoratets hjemmeside.";Tilpasning - innføring;01.01.2025;2D - Helsepersonell skal ha tilgang til pasientens legemiddelliste (PLL);Innføring av Pasientens legemiddelliste (PLL);;Planlagt;56876000019903614;2026-08
Tilpasning og innføring av PLL til PLO, ØHD/KAD og legevakt i helseregion Nord;"Kommunene i Nord planlegger utprøving og innføring i kommunenes pleie- og omsorgstjenester fra høsten 2026.
Mer informasjon om PLL i nord finnes også på Helse Nord sine hjemmesider, og i rapporteringen fra Bodø, Hammerfest, Rana og Tromsø kommune, Helse Nord og KS til Nasjonal portefølje på Helsedirektoratets hjemmeside.";Tilpasning - innføring;01.07.2026;2D - Helsepersonell skal ha tilgang til pasientens legemiddelliste (PLL);Innføring av Pasientens legemiddelliste (PLL);;Planlagt;56876000019903618;2026-08
Tilpasning og innføring til fastleger i helseregion Midt-Norge;"Det er etablere et felles regional koordineringsprosjekt som ledes av HMN RHF og har deltakere fra Oppgavefellesskapet (de 34 kommunene som har innført HP)  og fra KS-Diginettverk Trøndelag og Møre. Helsefellesskapene er informert om arbeidet. Prosjektet omfatter innføring av PLL i sykehus, kommunale helse og omsorgstjenester, fastleger, avtalespesialister.
Det er etablert PLL prosjekt i Oppgavefellesskapet og mottaksprosjekt i helseforetakene er under etablering
Les mer om PLL på Helsedirektoratets hjemmesider.";Tilpasning - innføring;01.01.2026;2D - Helsepersonell skal ha tilgang til pasientens legemiddelliste (PLL);Innføring av Pasientens legemiddelliste (PLL);;Planlagt;56876000019903622;2026-08
Tilpasning og innføring til PLO, ØHD/KAD og legevakt i helseregion Midt-Norge;"Det er etablere et felles regional koordineringsprosjekt som ledes av HMN RHF og har deltakere fra Oppgavefellesskapet (de 34 kommunene som har innført HP)  og fra KS-diginettverk Trøndelag og Møre. Helsefellesskapene er informert om arbeidet. Prosjektet omfatter innføring av PLL i sykehus,
kommunale helse og omsorgstjenester, fastleger, avtalespesialister.
Det er etablert PLL prosjekt i Oppgavefellesskapet og mottaksprosjekt i helseforetakene er under etablering
Les mer om PLL på Helsedirektoratets hjemmesider.";Tilpasning - innføring;01.01.2026;2D - Helsepersonell skal ha tilgang til pasientens legemiddelliste (PLL);Innføring av Pasientens legemiddelliste (PLL);;Planlagt;56876000019903626;2026-08
Tilpasning og innføring av PLL i Helse Sør-Øst RHF;"Helse Sør-Øst jobber med planlegging av leveranser nødvendig for innføring av PLL.
PLL i Helse Sør-Øst henger sammen med Klinisk legemiddelsamhandling, som fokuserer på tekniske leveranser fra leverandører og eksterne parter.
PLL er fra juni 2026 i bruk i Helse Sør-Øst og bruken vil øke i kommende år.
Les mer om tiltaket Klinisk legemiddelsamhandling og Pasientens legemiddelliste i Helse Sør-Øst sin rapportering til nasjonal portefølje på Helsedirektoratets hjemmesider.";Tilpasning - innføring;01.01.2026;2D - Helsepersonell skal ha tilgang til pasientens legemiddelliste (PLL);Innføring av Pasientens legemiddelliste (PLL);31.12.2027;Planlagt;56876000019905854;2026-08
SFM innføres  i Helse Midt med Helseplattformen;Helseplattformen benytter Sentral forskrivningsmodul (SFM) Basis API for skriving for å hente fra og oppdatere til Reseptformidleren og Kjernejournal.;Innføring;01.01.2022;2D - Helsepersonell skal ha tilgang til pasientens legemiddelliste (PLL);Sentral forskrivningsmodul (SFM) til fastleger og legevakt;;Planlagt;56876000019902762;2026-08
Innføring med fastleger;"SFM for fastlegens EPJ-systemer ble godkjent i 2024 og innføres fra 2025. For innføring av SFM til fastlege, er det fortsatt EPJ-systemer til fastleger som ikke har startet overføring til SFM for PLL og eMD, innføring vil pågår ut 2027
​Les mer om hvilke leverandører som har integrert SFM og få en oversikt over virksomheter per kommune som har tatt i bruk SFM på Norsk helsenett sine nettsider.";Innføring;01.01.2025;2D - Helsepersonell skal ha tilgang til pasientens legemiddelliste (PLL);Sentral forskrivningsmodul (SFM) til fastleger og legevakt;;Planlagt;56876000019903130;2026-08
Innføring med legevakt;"Innføring av SFM til legevakt planlegges fra 2025.
Les mer om hvilke leverandører som har integrert SFM og få en oversikt over virksomheter per kommune som har tatt i bruk SFM på Norsk helsenett sine hjemmesider.";Innføring;01.07.2025;2D - Helsepersonell skal ha tilgang til pasientens legemiddelliste (PLL);Sentral forskrivningsmodul (SFM) til fastleger og legevakt;;Planlagt;56876000019903134;2026-08
Tilpasning med EPJ-leverandører;"SFM  fullversjon er klar for kommunale helse- og omsorgstjenester inkludert KAD/ØHD.
Funksjonalitet i SFM utvikles løpende ihht nye behov som meldes fra sektoren.
Alle EPJ for kommunal sektor er godkjent for SFM.
Les om SFM på Norsk helsenett sine hjemmeside";Tilpasning og utvidet utprøving;01.01.2026;2D - Helsepersonell skal ha tilgang til pasientens legemiddelliste (PLL);Sentral forskrivningsmodul (SFM) til kommunale helse- og omsorgstjenester inkl. KAD/ØHD;30.06.2025;Planlagt;56876000019902382;2026-08
SFM innføres i Helse Midt med Helseplattformen;Helseplattformen benytter Sentral forskrivningsmodul (SFM) Basis API for kommunikasjon med Reseptformidleren og Kjernejournal.​;Innføring;01.01.2022;2D - Helsepersonell skal ha tilgang til pasientens legemiddelliste (PLL);Sentral forskrivningsmodul (SFM) til kommunale helse- og omsorgstjenester inkl. KAD/ØHD;;Planlagt;56876000019902766;2026-08
Innføring;"Leverandører er ansvarlig for innføring for sine kunder/aktører. Fremdrift er per i dag liten grunnet store endringer i leverandørmarkedet på grunn av anskaffelser
På Norsk helsenett sine hjemmesider finnes en oversikt over virksomheter per kommune som har tatt i bruk SFM";Innføring;01.07.2026;2D - Helsepersonell skal ha tilgang til pasientens legemiddelliste (PLL);Sentral forskrivningsmodul (SFM) til kommunale helse- og omsorgstjenester inkl. KAD/ØHD;;Planlagt;56876000019903142;2026-08
Utvikling og begrenset utprøving;"SFM fullversjon (med brukergrensesnitt) er under utvikling for å bli klar med grunnleggende funksjonalitet for sykehjem og hjemmetjeneste i løpet av 2025.
Leverandører til sykehjem og hjemmetjenesten vil få støtte for PLL gjennom SFM fullversjon eller egenutvikling, slik at EPJene er klar til å starte med PLL.
Les om SFM på Norsk helsenett sine hjemmeside.
​Utvidet informasjon om SFM finnes også på Norsk helsenett sine hjemmesider.";Utvikling og begrenset utprøving;;2D - Helsepersonell skal ha tilgang til pasientens legemiddelliste (PLL);Sentral forskrivningsmodul (SFM) til kommunale helse- og omsorgstjenester inkl. KAD/ØHD;;Planlagt;56876000019903310;2026-08
SFM innføres til spesialisthelsetjenesten i Helse Midt med Helseplattformen;Helseplattformen benytter SFM basis API for skriving av e-resepter.;Innføring;01.01.2023;2D - Helsepersonell skal ha tilgang til pasientens legemiddelliste (PLL);Sentral forskrivningsmodul (SFM) til spesialisthelsetjenesten (basis-API);01.11.2025;Planlagt;56876000019902398;2026-08
Tilpasning og utvidet utprøving i Helse Nord;"Helse
Nord leder samarbeidet om teknisk tilrettelegging for PLL i DIPS Arena med sentrale samarbeidspartnere. DIPS Arena utvikler integrasjon med SFM Basis API .
Løsningen bygger på DIPS Arena medikasjon, samt integrasjon med SFM Basis API, og erfaringer fra utprøving i Helse Vest.
Helse Nord/Dips Arena er godkjent for SFM Basis API
Les mer om Pasientens legemiddelliste i Nord på Helse Nord sine hjemmeside";Tilpasning og utvidet utprøving;01.04.2024;2D - Helsepersonell skal ha tilgang til pasientens legemiddelliste (PLL);Sentral forskrivningsmodul (SFM) til spesialisthelsetjenesten (basis-API);;Planlagt;56876000019903146;2026-08
Innføring Helse Nord;"Helse Nord har ledet samarbeidet med EPJ-leverandør om utvikling av funksjonalitet i Arena medikasjon for kobling mot SFM.
I denne fasen er det arbeidet med Innføring av SFM i sykehusene i Helse Nord
Les mer i Helse Nord sin siste rapportering på tiltaket Pasientens legemiddelliste til Nasjonal portefølje.";Innføring;01.01.2025;2D - Helsepersonell skal ha tilgang til pasientens legemiddelliste (PLL);Sentral forskrivningsmodul (SFM) til spesialisthelsetjenesten (basis-API);;Planlagt;56876000019903150;2026-08
Tilpasning og utvidet utprøving øvrige RHF;"Tilpasning med øvrige RHF og utvidet utprøving i flere regioner.
Helse Vest planlegger å starte innføring av DIPS medikasjon med støtte for SFM basis API i fjerde kvartal 2024. Det forventes å ha full støtte for SFM basis API i DIPS Arena i fjerde kvartal 2025.​
Les mer om om SFM på Norsk Helsenett sine hjemmeside og se hvem som har tatt i bruk SFM på Norsk Helsenett sine hjemmesider.";Tilpasning og utvidet utprøving;01.10.2024;2D - Helsepersonell skal ha tilgang til pasientens legemiddelliste (PLL);Sentral forskrivningsmodul (SFM) til spesialisthelsetjenesten (basis-API);;Planlagt;56876000019903154;2026-08
Innføring RHF;"Innføring av SFM med RHF i alle regioner.
Les mer om SFM på Norsk helsenett sine hjemmesider og om hvilke leverandører som har tatt i bruk SFM på Norsk helsenett sine hjemmesider.";Innføring;01.07.2025;2D - Helsepersonell skal ha tilgang til pasientens legemiddelliste (PLL);Sentral forskrivningsmodul (SFM) til spesialisthelsetjenesten (basis-API);;Planlagt;56876000019903158;2026-08
Utvikling og begrenset utprøving ;"SFM fullversjon vil ha støtte for grunnleggende funksjonalitet for tannhelse, helsestasjon og jordmor. 
Les mer om SFM på Norsk Helsenett sine hjemmeside og se hvem som har tatt i bruk SFM på Norsk helsenett sine hjemmesider.";Utvikling og begrenset utprøving;01.07.2020;2D - Helsepersonell skal ha tilgang til pasientens legemiddelliste (PLL);Sentral forskrivningsmodul (SFM) til øvrige brukergrupper, f.eks. Helsestasjoner og Tannleger;30.06.2023;Planlagt;56876000019902386;2026-08
Innføring;"De største EPJ leverandører for tannleger og helsestasjon er godkjent for SFM.
Les mer om utprøving og innføring av SFM på Norsk helsenett sine hjemmesider";Innføring;01.01.2027;2D - Helsepersonell skal ha tilgang til pasientens legemiddelliste (PLL);Sentral forskrivningsmodul (SFM) til øvrige brukergrupper, f.eks. Helsestasjoner og Tannleger;01.11.2025;Planlagt;56876000019902390;2026-08
Tilpasning med EPJ-leverandører;"SFM fullversjon er klar for øvrige brukergrupper som tannleger og helsestasjon NHN/SFM har utviklet funksjonalitet for øvrige brukergrupper. Det er bl.a utviklet egne regler for rekvisisjonsrett for spesifikke yrkesgrupper (jordmødre m.fl).
Les mer om SFM på Norsk Helsenett sine hjemmeside og se hvem som har tatt i bruk SFM på Norsk helsenett sine hjemmesider";Tilpasning og utvidet utprøving;01.01.2026;2D - Helsepersonell skal ha tilgang til pasientens legemiddelliste (PLL);Sentral forskrivningsmodul (SFM) til øvrige brukergrupper, f.eks. Helsestasjoner og Tannleger;31.12.2026;Planlagt;56876000019902422;2026-08
Avklare konsept i Helseplattformen for nasjonal dokumentdeling;"I Helse Midt-Norge er Helseplattformen det digitale verktøyet for samhandling og gir tilgang til relevant, oppdatert og korrekt informasjon om pasienten.
Helse Midt-Norge avklarerer konsept for å dele journaldokumenter nasjonalt. Les mer om Pasientens journaldokumenter i Helse Midt-Norge sin siste rapportering til Nasjonal portefølje";Konsept;01.07.2026;2E - Helsepersonell skal ha tilgang til relevant, oppdatert og korrekt informasjon om pasienten  gjennom nye digitale verktøy for samhandling;Aktører som kan dele pasientens dokumenter - kilde;;Planlagt;56876000019902430;2026-08
Utvikling og utprøving i Helseplattformen, Helse Midt-Norge;"Helse Midt-Norge planlegge for utvikling av nødvendig funksjonalitet for deling av pasientens journaldokumenter i 2025.
Les mer om Pasientens journaldokumenter i Helse Midt-Norge i siste rapportering til Nasjonal portefølje på helsedirektoratets hjemmesider.";Utvikling - tilpasning - innføring;01.10.2026;2E - Helsepersonell skal ha tilgang til relevant, oppdatert og korrekt informasjon om pasienten  gjennom nye digitale verktøy for samhandling;Aktører som kan dele pasientens dokumenter - kilde;;Planlagt;56876000019903454;2026-08
Utredning av kommuner som kilde (KS);"KS har en pådriverrolle for å legge til rette for at kommuner skal tilgjengeliggjøre journaldokumenter som kilde.
Det er utarbeidet en beskrivelse av et forprosjekt med anbefaling om hvordan deling av journaldokumenter bør foregå i kommunal sektor.
Videre arbeid med å konkretisere og realisere gjennomføres i samarbeid med Norsk helsenett, KS Digital og Oslo kommune. Anbefalinger forankres også i samstyringsstrukturen.
Les mer i KS sin rapportering på Pasientens journaldokumenter til Nasjonal portefølje på Helsedirektoratets hjemmesider. ";Konsept;01.01.2025;2E - Helsepersonell skal ha tilgang til relevant, oppdatert og korrekt informasjon om pasienten  gjennom nye digitale verktøy for samhandling;Aktører som kan dele pasientens dokumenter - kilde;;Planlagt;56876000019903458;2026-08
Helse Nord, Helse Vest og Helse Sør-Øst deler dokumenter;"Den 13. juni 2023 ble det åpnet for alle helseforetak i Helse Sør-Øst som kilder for dokumentdeling. Alle med tilgang til kjernejournal ser dokumentlisten til pasienten.
Tjenesten Pasientens journaldokumenter ble satt i produksjon våren 2023 i Helse Nord, og har siden blitt forvaltet som en tjeneste i drift.
Helse Vest  har i samarbeid med DIPS arbeidet for å gi autorisert helsepersonell med tjenstlig behov tilgang til journaldokumenter fra Kjernejournal direkte i DIPS. Løsningen ble satt i produksjon i september 2025.";I bruk;;2E - Helsepersonell skal ha tilgang til relevant, oppdatert og korrekt informasjon om pasienten  gjennom nye digitale verktøy for samhandling;Aktører som kan dele pasientens dokumenter - kilde;;Planlagt;56876000020123078;2026-08
Forberedelser og begrenser utprøving med kommuner som kilde;"Det pågår prosjekt med Ullensvang, Bodø og Oslo kommune sammen med KS Digital for å igangsette utprøving av Pasientens journaldokumenter som kilde fra kommunal sektor.
Prosjektet har fått midler fra Helseteknologiordningen.
I 2026 arbeides det med forberedelser og forhåpentligvis oppstart av pilot.
Utvidet utprøving planlegges fra 2027
Les mer i KS sin rapportering på Pasientens journaldokumenter til Nasjonal portefølje på Helsedirektoratets hjemmesider";Tilpasning - innføring;01.01.2026;2E - Helsepersonell skal ha tilgang til relevant, oppdatert og korrekt informasjon om pasienten  gjennom nye digitale verktøy for samhandling;Aktører som kan dele pasientens dokumenter - kilde;;Planlagt;56876000020123083;2026-08
Konsept - avtalespesialister som kilde;"Helse Sør-Øst leder oppdraget med
å følge opp avtalespesialister som kilde til pasientens journaldokumenter.
Arbeidet i 2026 vil i hovedsak være rettet mot planlegging, nødvendige avklaringer og tilrettelegging for innføring for avtalespesialister. Dette omfatter blant annet dialog med EPJ-leverandører til avtalespesialistene, avklaring av finansiering og prioritering av utviklingstiltak, samt forberedelse av rammer for innføring.
Les mer i Helse Sør-Øst sin rapportering på tiltaket Pasientens Journaldokumenter til Nasjonal portefølje.";Konsept;01.01.2026;2E - Helsepersonell skal ha tilgang til relevant, oppdatert og korrekt informasjon om pasienten  gjennom nye digitale verktøy for samhandling;Aktører som kan dele pasientens dokumenter - kilde;;Planlagt;56876000020123085;2026-08
Avtalespesialister deler pasientens journaldokumenter;"Oppstart av innføring er foreløpig forventet tidligst i 2027. Fremdriften er avhengig av utvikling og leveranser fra EPJ-leverandørene, samt avklaringer knyttet til finansiering av utviklings- og innføringstiltak.
Prioriteringer hos leverandørene og hos avtalespesialistene vil også kunne påvirke tidslinjen.";;01.01.2027;2E - Helsepersonell skal ha tilgang til relevant, oppdatert og korrekt informasjon om pasienten  gjennom nye digitale verktøy for samhandling;Aktører som kan dele pasientens dokumenter - kilde;;Tentativ;56876000020123087;2026-08
Utvikling og utprøving Helseplattformen;"Helse Midt-Norge er Helseplattformen det digitale verktøyet for samhandling og gir tilgang til relevant, oppdatert og korrekt informasjon om pasienten.
Helse Midt-Norge avklarerer konsept for å dele journaldokumenter nasjonalt.
Les mer om Pasientens journaldokumenter i Helse Midt-Norge i siste rapportering til Nasjonal portefølje på helsedirektoratets hjemmesider.";Konsept;01.01.2025;2E - Helsepersonell skal ha tilgang til relevant, oppdatert og korrekt informasjon om pasienten  gjennom nye digitale verktøy for samhandling;Aktører som kan lese pasientens dokumenter - konsumenter;30.09.2024;Planlagt;56876000019902366;2026-08
Tilpasning og innføring i Helseplattformen;"Tentativ plan for når Helseplattformen konsumerer pasientens journaldokumenter
Les mer om Pasientens journaldokumenter i Helse Midt-Norge i siste rapportering til Nasjonal portefølje på helsedirektoratets hjemmesider.";Tilpasning - innføring;01.01.2026;2E - Helsepersonell skal ha tilgang til relevant, oppdatert og korrekt informasjon om pasienten  gjennom nye digitale verktøy for samhandling;Aktører som kan lese pasientens dokumenter - konsumenter;;Tentativ;56876000019902914;2026-08
Innføring, Helse Vest ;Helsepersonell med tjenstlig behov, på alle sykehus i Helse Vest, har tilgang til å gjøre oppslag i journaldokumenter fra Kjernejournal direkte i DIPS Arena. Dette ble satt i produksjon november 2026.;Innføring;01.07.2025;2E - Helsepersonell skal ha tilgang til relevant, oppdatert og korrekt informasjon om pasienten  gjennom nye digitale verktøy for samhandling;Aktører som kan lese pasientens dokumenter - konsumenter;;Planlagt;56876000019903462;2026-08
Tilpasning og utvidet utprøving, kommunal sektor;"Noen kommuner har tatt i bruk oppgradert versjon av sitt journalsystem og kan konsumere journaldokumenter (EPJ).
Kommuner som har tatt i bruk nye EPJ-systemer har også mulighet til å konsumere dokumenter direkte fra EPJ-systemer.
Se oversikt over leverandører som har tilgjengeliggjort for konsumering av pasientens journaldokumenter på Norsk helsenett sine hjemmesider.";Tilpasning og utvidet utprøving;01.01.2025;2E - Helsepersonell skal ha tilgang til relevant, oppdatert og korrekt informasjon om pasienten  gjennom nye digitale verktøy for samhandling;Aktører som kan lese pasientens dokumenter - konsumenter;;Planlagt;56876000019903470;2026-08
Utvikling og begrenset utprøving, Helse Vest;"Helse Vest har i samarbeid med DIPS arbeidet for å gi autorisert helsepersonell med tjenstlig behov tilgang til journaldokumenter fra Kjernejournal direkte i DIPS.
Løsningen ble satt i produksjon i september 2025.";Tilpasning og utvidet utprøving;01.04.2024;2E - Helsepersonell skal ha tilgang til relevant, oppdatert og korrekt informasjon om pasienten  gjennom nye digitale verktøy for samhandling;Aktører som kan lese pasientens dokumenter - konsumenter;10.09.2025;Planlagt;56876000019903650;2026-08
Tilpasning og innføring, Helse Nord;"Funksjonalitet i DIPS for å konsumere dokumenter gjennom Pasientens journaldokumenter ble satt i produksjon i 2025.
Funksjon «Dokumenter fra eksterne» er tatt i bruk av utvalg helsepersonell i regionen, med plan og å utvide til alt helsepersonell i regionen når det er verifisert at det er verifisert at funksjonaliteten fungerer etter hensikt.";Tilpasning - innføring;01.02.2024;2E - Helsepersonell skal ha tilgang til relevant, oppdatert og korrekt informasjon om pasienten  gjennom nye digitale verktøy for samhandling;Aktører som kan lese pasientens dokumenter - konsumenter;31.10.2025;Planlagt;56876000019904510;2026-08
Avklare konsept i Helseplattformen;"Helse Midt-Norge er
Helseplattformen det digitale verktøyet for samhandling og gir tilgang til relevant, oppdatert og korrekt informasjon om pasienten.
Helse Midt-Norge avklarer konsept for å dele journaldokumenter nasjonalt.
Les mer om Pasientens journaldokumenter i Helse Midt-Norge i siste rapportering til Nasjonal portefølje på helsedirektoratets hjemmesider";;01.01.2025;2E - Helsepersonell skal ha tilgang til relevant, oppdatert og korrekt informasjon om pasienten  gjennom nye digitale verktøy for samhandling;Aktører som kan lese pasientens dokumenter - konsumenter;;Planlagt;56876000020123091;2026-08
Kommunal samhandlingstjenester;"I samarbeid med KS, legger Norsk helsenett til rette for å prøve ut samhandlingstjenester innad og på sikt mellom kommuner.
Målet er å gi helsepersonell tilgang til relevant helseinformasjon direkte i sine arbeidsverktøy.
I første fase foreslås to parallelle utprøvingsprosjekter, deling av pasientens NEWS 2- målinger (National Early Warning Score) og en oversikt over hvilke kommunale tjenester pasienten mottar.
Bærum og Bodø som utprøvings kommuner, vil i første omgang gi helsepersonell tilgang til samlet oversikt over kommunale tjenester i deres respektive arbeidsflater, primært på legevakt.
Vinje, Tokke, Hol og Tysvær kommune vil gjøre tilgjengelig NEWS2 målinger og resultat i arbeidsflaten for legevakt som et steg 1 i utprøvingen av NEWS2 målinger. 
​Les mer les mer om kommunal samhandlingsplattform på KS sine hjemmesider.";Utvikling - tilpasning;01.10.2023;2E - Helsepersonell skal ha tilgang til relevant, oppdatert og korrekt informasjon om pasienten  gjennom nye digitale verktøy for samhandling;Felles journalløft - kommunal samhandling;;Planlagt;56876000019902758;2026-08
Tilpasning og utvidet utprøving, Helse Nord;"Helse Nord har tilrettelagt for å dele kritisk informasjon.
Pilotering på tre avdelinger på UNN i Q4 2025.";Tilpasning og utvidet utprøving;01.01.2025;2E - Helsepersonell skal ha tilgang til relevant, oppdatert og korrekt informasjon om pasienten  gjennom nye digitale verktøy for samhandling;Helsepersonell skal ha tilgang på oppdaterte og autorativ beskrivelse av kritisk informasjon;;Planlagt;56876000019903170;2026-08
Innføring, Helse Nord;"Innføring av kritisk informasjon planlegges høsten 2026
Les mer i Helse Nord sin rapportering på  tiltaket Pasientens kritiske informasjon til Nasjonal portefølje";Innføring;30.09.2026;2E - Helsepersonell skal ha tilgang til relevant, oppdatert og korrekt informasjon om pasienten  gjennom nye digitale verktøy for samhandling;Helsepersonell skal ha tilgang på oppdaterte og autorativ beskrivelse av kritisk informasjon;;Planlagt;56876000019903174;2026-08
Tilpasning og utvidet utprøving, Helse Sør-Øst;Tilpasning av EPJ til Kritisk informasjon API i Helse Sør-Øst;Tilpasning og utvidet utprøving;01.01.2025;2E - Helsepersonell skal ha tilgang til relevant, oppdatert og korrekt informasjon om pasienten  gjennom nye digitale verktøy for samhandling;Helsepersonell skal ha tilgang på oppdaterte og autorativ beskrivelse av kritisk informasjon;;Planlagt;56876000019903474;2026-08
Innføring, Helse Sør-Øst;"Helse Sør-Øst har fra juni 2026 to-veis integrasjon mellom kjernejournal og DIPS for kritisk info og bruken vil gradvis øke kvaliteten for våre pasienter.
Les mer om tiltaket Pasienten kritiske informasjon i Helse Sør-Øst sin siste rapportering på Nasjonal portefølje.";Innføring;01.01.2027;2E - Helsepersonell skal ha tilgang til relevant, oppdatert og korrekt informasjon om pasienten  gjennom nye digitale verktøy for samhandling;Helsepersonell skal ha tilgang på oppdaterte og autorativ beskrivelse av kritisk informasjon;;Planlagt;56876000019903478;2026-08
Tilpasning og utvidet utprøving, fastleger;"Kritisk informasjon inngår som tiltak i EPJ-løftet, der prosjektet skal forbedre datastrukturen og kritisk info-datakvaliteten i EPJ-systemer, samt å etablere API-tilkobling mot Kjernejournal Kritisk Informasjon. Det er også ønskelig å oppnå bedre prosess og beslutningsstøtte i EPJ-systemet med god integrasjon.
Les mer om EPJ løftet på Helsedirektoratet.no og i EPJ-løftet sin siste rapportering til Nasjonal portefølje";Tilpasning og utvidet utprøving;01.01.2025;2E - Helsepersonell skal ha tilgang til relevant, oppdatert og korrekt informasjon om pasienten  gjennom nye digitale verktøy for samhandling;Helsepersonell skal ha tilgang på oppdaterte og autorativ beskrivelse av kritisk informasjon;;Planlagt;56876000019903486;2026-08
Avklare kritisk informasjon for kommuner;KS skal igangsette et arbeid for å vurdere og definere strategi og aktiviteter knyttet til kritisk informasjon for kommunal sektor. Det er behov for å avklare hva som skal til for å bredde kritisk informasjon i kommunene.;Konsept;01.01.2026;2E - Helsepersonell skal ha tilgang til relevant, oppdatert og korrekt informasjon om pasienten  gjennom nye digitale verktøy for samhandling;Helsepersonell skal ha tilgang på oppdaterte og autorativ beskrivelse av kritisk informasjon;;Planlagt;56876000020123095;2026-08
Forberedelser i kritisk informasjon til EHDS krav;Forberedelser knyttet til tjenesten kritisk informasjon for å oppfylle EHDS krav, inkl. bredding av tjenesten.;Konsept;01.01.2027;2E - Helsepersonell skal ha tilgang til relevant, oppdatert og korrekt informasjon om pasienten  gjennom nye digitale verktøy for samhandling;Helsepersonell skal ha tilgang på oppdaterte og autorativ beskrivelse av kritisk informasjon;;Tentativ;56876000020123097;2026-08
Videreut vikle/ tilpasse kritisk informasjon til EHDS krav;"Mindre tilpasninger i Kritisk info for å understøtte krav i helsedataforordningen
Innføre Kritisk info-API for helsetjenester som ikke har tatt det i bruk (en forutsetning).";Utvikling og begrenset utprøving;01.01.2028;2E - Helsepersonell skal ha tilgang til relevant, oppdatert og korrekt informasjon om pasienten  gjennom nye digitale verktøy for samhandling;Helsepersonell skal ha tilgang på oppdaterte og autorativ beskrivelse av kritisk informasjon;;Tentativ;56876000020123099;2026-08
Konsept, utvikling og begrenset utprøving;"En
første versjon av tjenesten har vært begrenset utprøvd i 2025. På bakgrunn av
utprøvingen skal der vurderes om tjenesten er så moden at man kan gå videre med
utrulling.
Helsevirksomheter i regionen Sør-Øst har vært med i utprøving av måledata i samhandling mellom primær- og spesialisthelsetjenesten i 2026
Les mer om pasientens måledata i rapportering fra Drammen og Asker kommune, Fredrikstad kommune og fra Helse Sør-Øst til Nasjonal portefølje på Helsedirektoratets hjemmesider";Konsept - utvikling;01.01.2024;2E - Helsepersonell skal ha tilgang til relevant, oppdatert og korrekt informasjon om pasienten  gjennom nye digitale verktøy for samhandling;Helsepersonell skal ha tilgang til Pasientens måledata;;Planlagt;56876000019903038;2026-08
Helsepersonell i spesialisthelsetjenesten konsumerer prøvesvar;"Det pågår arbeid med å utvikle integrert visning av prøvesvar i DIPS Arena, slik at prøvesvar fra den nasjonale løsningen presenteres sammen med øvrige prøvesvar i helsepersonellets arbeidsflate. Løsningen vil først bli brukertestet og deretter prøvd ut med et begrenset utvalg helsepersonell i 2026, før videre innføring i 2027
Les mer om prøvesvar i kjernejournal på kjernejournal hjelpesider og på Helsedirektoratets hjemmesider";Innføring;01.07.2025;2E - Helsepersonell skal ha tilgang til relevant, oppdatert og korrekt informasjon om pasienten  gjennom nye digitale verktøy for samhandling;Helsepersonell skal ha tilgang til Pasientens prøvesvar;;Planlagt;56876000019902346;2026-08
Nasjonal tilrettelegging og begrenset utprøving (kvalitetssikring) ;"Pasientens prøvesvar er en nasjonal informasjonstjeneste som tilgjengeliggjør prøvesvar til helsepersonell på tvers av behandlingsnivåer i Kjernejournal portalen eller integrert som en del av verdikjeden i egen EPJ.
• Pasientens prøvesvar er under utvikling og begrenset utprøving, for kvalitetssikring.
• Helse Vest har deltatt i utprøvingen.";Utvikling og begrenset utprøving;;2E - Helsepersonell skal ha tilgang til relevant, oppdatert og korrekt informasjon om pasienten  gjennom nye digitale verktøy for samhandling;Helsepersonell skal ha tilgang til Pasientens prøvesvar;;Planlagt;56876000019903178;2026-08
Begrenset utprøving til helsehjelp;"Utprøving med formål helsehjelp gikk i produksjon 4. juni 2025. Utprøvingen vil inkludere rekvirent, konsument, produsent og innbygger.
Les mer om Pasientens prøvesvar i Helse Vest sin siste rapportering på utprøving av pasientens prøvesvar.";Utvikling og begrenset utprøving;01.01.2025;2E - Helsepersonell skal ha tilgang til relevant, oppdatert og korrekt informasjon om pasienten  gjennom nye digitale verktøy for samhandling;Helsepersonell skal ha tilgang til Pasientens prøvesvar;;Planlagt;56876000019903182;2026-08
Tilpasning og utvidet utprøving - private aktører som kilde;"Utprøving med formål helsehjelp gikk i produksjon 4. juni 2025. Utprøvingen startet med deling av prøvesvar fra utvalgte legekontor, og vil utvides gradvis med flere kontorer.
Les mer om Pasientens prøvesvar i på Helsedirektoratets hjemmeside.";Tilpasning og utvidet utprøving;01.07.2025;2E - Helsepersonell skal ha tilgang til relevant, oppdatert og korrekt informasjon om pasienten  gjennom nye digitale verktøy for samhandling;Helsepersonell skal ha tilgang til Pasientens prøvesvar;;Planlagt;56876000019903186;2026-08
Tilpasning, utvidet utprøving og innføring, Helse Nord som kilde;"Helse Nord startet utprøving av pasientens prøvesvar med formål helsehjelp i 2025.
I 2026 vil pasienter og behandlere utenfor sykehus få tilgang til prøvesvar som er rekvirert på sykehus.
Les mer i Helse Nord sin siste rapportering til Nasjonal portefølje på Helsedirektoratets hjemmesider.";Tilpasning - innføring;01.07.2025;2E - Helsepersonell skal ha tilgang til relevant, oppdatert og korrekt informasjon om pasienten  gjennom nye digitale verktøy for samhandling;Helsepersonell skal ha tilgang til Pasientens prøvesvar;;Planlagt;56876000019903630;2026-08
Tilpasning, utvidet utprøving og innføring, Helse Vest, Helse Midt og Helse Sør-Øst som kilde;"Deling av prøvesvar fra sykehus er ikke etablert og forutsetter videre utvikling i DIPS. Arbeidet planlegges startet høsten 2026, med pilotering av deling fra et begrenset utvalg enheter fra første halvdel av 2027. Det er forventet at prøver rekvirert fra poliklinikk inngår i første fase. Videre innføring vil skje gradvis, basert på erfaringer fra pilot og innspill fra kliniske miljøer.
Helse Midt-Norge startet deling av sykehusrekvirerte labprøvesvar mai-2026, radiologi sept-2026 og øvrige områder i løpet av høsten.
Begrenset utprøving gjennomføres på utvalgte poliklinikker før full bredding.";Tilpasning - innføring;01.07.2025;2E - Helsepersonell skal ha tilgang til relevant, oppdatert og korrekt informasjon om pasienten  gjennom nye digitale verktøy for samhandling;Helsepersonell skal ha tilgang til Pasientens prøvesvar;;Planlagt;56876000019903634;2026-08
Fastleger/legevakt konsumerer prøvesvar;"Prøvesvar blir i første omgang
tilgjengelig for oppslag av helsepersonell i kjernejournal, på sikt vil
EPJ-systemer kunne konsumere prøvesvartjenesten direkte gjennom teknisk
integrasjon (API).
Fastleger har behov for tilgang til prøvesvar for alle på fastlegelisten. EPJ-leverandører til fastlegemarkedet har startet integrasjon som tilgjengeliggjør prøvesvar direkte fra pasientjournalsystemet. Les mer om dette på EPJ-løftet sider på Helsedirektoratet.no
Les mer om prøvesvar i kjernejournal på kjernejournal sine hjelpesider og på Helsedirektoratets hjemmesider";Innføring;01.07.2025;2E - Helsepersonell skal ha tilgang til relevant, oppdatert og korrekt informasjon om pasienten  gjennom nye digitale verktøy for samhandling;Helsepersonell skal ha tilgang til Pasientens prøvesvar;;Planlagt;56876000019903638;2026-08
Kommunale pleie- og omsorgstjenester konsumerer prøvesvar;"Det er besluttet å videreføre Pasientens
prøvesvar til utvidet utprøving i kommunal sektor. Flere kommuner skal
involveres for å teste løsningen i praksis og sikre et godt grunnlag for videre
innføring og bruk i kommunale helse- og omsorgstjenester
Utvidelsen gjennomføres trinnvis, og systematisk innhenting av erfaringer underveis skal danne grunnlag for videre skalering er viktig.
Utprøvingen planlegges gjennomført i puljer av kommuner i hver region. I første fase vil deltakelsen være avgrenset til kommunale fastlegekontor, i tråd med gjeldende strategi. Samtidig åpnes det for å utvide utprøvingen til flere tjenesteområder der kommunene ønsker å gå foran. Legevakt trekkes frem som et aktuelt neste steg.
Les mer om utprøving av pasientens prøvesvar i Bodø kommune sin rapportering til nasjonal portfølje og  i KS sin rapportering på pasientens prøvesvar til nasjonal portefølje på Helsedirektoratets hjemmesider.
Les mer om prøvesvar i kjernejournal på kjernejournal hjelpesider og på Helsedirektoratets hjemmesider";Innføring;01.07.2025;2E - Helsepersonell skal ha tilgang til relevant, oppdatert og korrekt informasjon om pasienten  gjennom nye digitale verktøy for samhandling;Helsepersonell skal ha tilgang til Pasientens prøvesvar;;Planlagt;56876000019903642;2026-08
Kjernejournal i bruk;"Det er fortsatt noen kommuner som ikke har tatt i kjernejournal i bruk.
Kjernejournal er en forutsetning for å kunne ta i bruk andre nasjonale løsninger, eksempelvis gir kjernejournal tilgang til Pasientens legemiddelliste for helsepersonell i pleie- og omsorgstjenesten.
Fra 01.01.2026 trådte plikt til bruk av kjernejournal i kraft.  Les mer i forskrift om standarder og nasjonale e-helseløsninger på lovdata.no.
Les mer om kjernejournal på Norsk Helsenett sine hjemmesider, og om på KS sine hjemmesider.";I bruk;;2E - Helsepersonell skal ha tilgang til relevant, oppdatert og korrekt informasjon om pasienten  gjennom nye digitale verktøy for samhandling;Kjernejournal til sykehjem og hjemmetjenesten;;Planlagt;56876000020123073;2026-08
Helsedatasenter, Helse Midt-Norge;"Brukerportal og forskningsstøtte for Helsedatasenteret skal gi støtte til forskere fra helseforetakene og andre samarbeidspartnere i regionen ved bestilling, bruk og kobling av data fra relevante kilder.
Etter sommeren vil et nytt prosjekt jobbe med utvikling av versjon 2.0. Helse Midt-Norge IT (Hemit) har etablere og skal drifte den tekniske løsningen med tilknyttede tjeneste.
Les mer om Helsedatasenteret i Midt-Norge på St-Olavs hjemmesider og i Regionale handlingsplan for forskning 2023 - 2026 ";Innføring;15.04.2024;3A - Utvide bruk av data- og analyseplattformer for å fornye og forbedre helse- og omsorgstjenesten;Utvide bruk av data- og analyseplattformer i spesialisthelsetjenesten;;Planlagt;56876000019903190;2026-08
SanntidsHub i regional data- og analyseplattform, Helse Vest;"Det pågår innføring av SanntidsHub, en løsning som gir tilgang til oppdatert, avidentifisert informasjon i nær sanntid for oppfølging av sykehusdrift.
Tilgang til nær sanntidsdata gjør det mulig å identifisere flaskehalser og andre utfordringer tidlig, slik at nødvendige tiltak kan iverksettes raskt gjennom dagen.";Innføring;01.01.2025;3A - Utvide bruk av data- og analyseplattformer for å fornye og forbedre helse- og omsorgstjenesten;Utvide bruk av data- og analyseplattformer i spesialisthelsetjenesten;;Planlagt;56876000019903490;2026-08
Helsedatasenter EHDS kompatibelt, Helse Midt;Utvikle Helsedatasenter til å bli kompatibel med EHDS sine krav til HDAB;Tilpasning og utvidet utprøving;01.10.2026;3A - Utvide bruk av data- og analyseplattformer for å fornye og forbedre helse- og omsorgstjenesten;Utvide bruk av data- og analyseplattformer i spesialisthelsetjenesten;;Planlagt;56876000020123105;2026-08
Datastrategi, Helse Midt-Norge;Fokus på tilgjengliggjøring av data, utvikling av dataprodukter, meir rasjonell organisering, økt samarbeid. Mye i tråd med det som kommer gjennom EHDS;Tilpasning og utvidet utprøving;01.07.2026;3A - Utvide bruk av data- og analyseplattformer for å fornye og forbedre helse- og omsorgstjenesten;Utvide bruk av data- og analyseplattformer i spesialisthelsetjenesten;;Planlagt;56876000020123107;2026-08
MR-skanning for å detektere MS plakk;"Vestre Viken tar i bruk flere KI-modeller, blant annet modell for MR skanning for å detektere Multippel sklerose (MS) plakk. 
Les mer om løsningen på Forskning.no";Innføring;01.10.2023;3B - Bruk av kunstig intelligens for kvalitet og bedre ressursbruk;Bruk av kunstig intelligens i helse- og omsorgstjenesten;;Planlagt;56876000019902926;2026-08
Etablere KI-plattform og ibruktakelse av KI applikasjoner;"For å oppnå gevinster som rask, dynamisk og kostnadseffektiv implementering og ibruktakelse av KI applikasjoner i en klinisk hverdag. 
• Anskaffelse av KI-plattformer gjennomføres av Sykehuspartners HF på vegne av Helse Sør-Øst RH.
• Helse Midt-Norge, Helse Nord og Helse Vest deltar som opsjoner.
• Det skal settes opp 3 KI plattformer i 2024 – 2025
• Det skal tas i bruk flere CE-merkede KI applikasjoner i 2024 – 2025";Tilpasning - innføring;01.01.2024;3B - Bruk av kunstig intelligens for kvalitet og bedre ressursbruk;Bruk av kunstig intelligens i helse- og omsorgstjenesten;;Planlagt;56876000019903202;2026-08
Netthinneundersøkelse for diabetisk retinopati;"Diabetisk retinopati er den vanligste komplikasjonen som følger med diabetes og hyppigste årsak til synstap og blindhet i arbeidsfør alder. Synstap kan forebygges og behandles, hvis forandringer påvises tidlig nok.
Prosjektet skal etablere et regionalt program for regelmessig netthinneundersøkelser ved diabetes. Innføring vil omfatte standardiserte prosedyrer, automatisere prosesser og bruk av KI. Målet er å gi bedre tilbud til en stor pasientgruppe som er mest mulig personellbesparende KI-plattformene for bildediagonstikk er etablert i Helse Sør-Øst og stadig flere algoritmer tas i bruk
​Les mer om prosjektet på Sykehuspartner sine hjemmesider";Tilpasning og utvidet utprøving;01.01.2024;3B - Bruk av kunstig intelligens for kvalitet og bedre ressursbruk;Bruk av kunstig intelligens i helse- og omsorgstjenesten;;Planlagt;56876000019903206;2026-08
KI til opptegning av organer ved strålebehandling;" Ålesund sykehus har tatt i bruk kunstige intelligens som kan tegne organ og strukturer (segmentere) slik at kun det riktig området blir strålebehandlet. Første løsning som er tatt i bruk er for pasienter med kreft i bryst.
• Å tegne inn strukturene manuelt er en tidkrevende prosess som utgjør en betydelig del av den totale tidsbruken i planleggingen. Løsningen sparer personellet for mye tid.
• Løsning videreutvikles til å kunne segmentere flere organ
• Les mer om bruk av KI i til opptegning av organer til strålebehandling på Helse Møte og Romsdal sine hjemmesider. ";Innføring;;3B - Bruk av kunstig intelligens for kvalitet og bedre ressursbruk;Bruk av kunstig intelligens i helse- og omsorgstjenesten;;Planlagt;56876000019903342;2026-08
Innføre løsning for detektering av beinbrudd i samtlige helseregioner;Alle helseregionene har innførte KI-løsning for detektering av beinbrudd.;Innføring;01.01.2025;3B - Bruk av kunstig intelligens for kvalitet og bedre ressursbruk;Bruk av kunstig intelligens i helse- og omsorgstjenesten;;Planlagt;56876000019903494;2026-08
KI til radiologi og patologi, Helse Vest;"Helse Vest planlegger å ta i bruk flere KI løsninger innen patologi og radiologi KI
Patologi: KI-algoritmer for bryst og prostata, oppstart innføring høsten 2026
KI Radiologi: CT Caput ved traume anskaffet våren -26
Andre algoritmer vurderes kontinuerlig, mulige avrop på anskaffelser fra andre RHF. Satsing over flere år.";Tilpasning - innføring;01.07.2026;3B - Bruk av kunstig intelligens for kvalitet og bedre ressursbruk;Bruk av kunstig intelligens i helse- og omsorgstjenesten;;Planlagt;56876000019903506;2026-08
Tale til sammendrag, Helse Vest;"Utprøving, anskaffelse og innføring av tale til sammendrag.
Utprøvingen startet høsten 2025, informasjon om utprøvingen og erfaringer fra utprøvingen publiseres på Helse Vest sine hjemmesider.
Validering av KI-algoritmen er i gang og det er mål om å sette den i produksjon i oktober. Prosjektet fortsetter ut 2027";;01.07.2025;3B - Bruk av kunstig intelligens for kvalitet og bedre ressursbruk;Bruk av kunstig intelligens i helse- og omsorgstjenesten;;Planlagt;56876000020123113;2026-08
Tale til utkast;"Helse Sør-Øst anskaffer KI-løsning for tale til ukast.
Les mer i Helse Sør-Øst sin rapportering på tiltaket til Nasjonal portefølje.
Les mer på sykehuspartner hjemmesider KIfor journal - tale til utkast - Sykehuspartner HF";Tilpasning - innføring;01.07.2025;3B - Bruk av kunstig intelligens for kvalitet og bedre ressursbruk;Bruk av kunstig intelligens i helse- og omsorgstjenesten;;Planlagt;56876000020123116;2026-08
KI journalføring, Helse Midt-Norge;Helse Midt Norge har pilotert KI journalføring i Q2 2026, og vil gjennomføre full bredding høsten 2027 med basis i interregional anskaffelse.;Tilpasning - innføring;01.04.2026;3B - Bruk av kunstig intelligens for kvalitet og bedre ressursbruk;Bruk av kunstig intelligens i helse- og omsorgstjenesten;;Planlagt;56876000020123119;2026-08
Tale til sammendrag, kommunal sektor;I kommunal sektor er det anbefalt å skalere opp tale til sammendrag med tentativ plan for å starte innføring i løpet av 2026.;Tilpasning - innføring;01.01.2026;3B - Bruk av kunstig intelligens for kvalitet og bedre ressursbruk;Bruk av kunstig intelligens i helse- og omsorgstjenesten;;Planlagt;56876000020123121;2026-08
Offentlig KI-tjeneste for målrettede helseråd;Helsedirektoratet skal etablere en offentlig KI-tjeneste for målrettede helseråd;Tilpasning - innføring;01.01.2023;3B - Bruk av kunstig intelligens for kvalitet og bedre ressursbruk;Rammer og retning for kunstig intelligens (KI) i helse- og omsorgstjenesten;;Planlagt;56876000019902934;2026-08
Sektorsamarbeid om KI;"Opprettelse av KI-råd som skal gi strategiske råd til Helsedirektoratet om strategiske veivalg, prinsipielle spørsmål og anbefale prioritering og gjennomføring av tiltak for å legge til rette for trygg og effektiv innføring av KI i helse- og omsorgssektoren. 
Les mer om KI-rådet på Helsedirektoratets hjemmesider";I bruk;01.01.2023;3B - Bruk av kunstig intelligens for kvalitet og bedre ressursbruk;Rammer og retning for kunstig intelligens (KI) i helse- og omsorgstjenesten;;Planlagt;56876000019903194;2026-08
Rammerog veiledning;"Arbeid knyttet til rammer, veiledning, normering og retningslinjer
Les mer om KI på Helsedirektoratets hjemmesider";Utvikling - tilpasning - innføring;01.01.2023;3B - Bruk av kunstig intelligens for kvalitet og bedre ressursbruk;Rammer og retning for kunstig intelligens (KI) i helse- og omsorgstjenesten;;Planlagt;56876000019903246;2026-08
Folkehelseinstituttets integrert data- og analysetjeneste (FIDA) ;"Folkehelseinstituttets integrerte data- og analysetjenester (FIDA) for overvåkning og statistikkproduksjon er et samarbeidsprosjekt mellom FHI og KS.
Les mer om FIDA i FHI sin siste rapportering på tiltaket Digitalt økosystem for nasjonal smittevernberedskap til nasjonal e-helseportefølje på Helsedirektoratet.no.";Utvikling og begrenset utprøving;01.01.2023;3C - Bedre styring, kvalitetsforbedring, forskning, helseovervåking, beredskap og krisehåndtering gjennom helseregistrene;Digitale økosystem for smittevernberedskap;;Planlagt;56876000019902806;2026-08
Tilpasning (FIDA);"Folkehelseinstituttets integrerte data- og analyseplattform (FIDA) skal bidra til trygg og effektiv deling av data på tvers av aktører i helsesektoren (FHI og kommuner),
Prosjektet har levert en ny gratis tjeneste, Kommunens sykdomsoversikt (KoSy)  som gir kommuneoverlegene tilgang til viktig statistikk om forekomst av smitte, testing og vaksinasjoner i egne kommuner. Tjenesten ble lansert i september 2025.
Kommunens sykdomsoversikt gir tilgang til statistikk på ca. 30 ulike sykdommer med data fra MSIS, MSIS labdatabase, NorSySS og SYSVAK. Det er kun kommuneoverleger som har hjemmel til å se dataene
Basert på erfaringene med å koble data fra forskjellige registre i beredskapsregisteret Beredt c19, skal FIDA videreutvikle en løsning for kobling av data til analyseformål.
Les mer om FIDA i Folkehelseinstituttete sin siste rapportering på tiltaket Digitalt økosystem for nasjonal smittevernberedskap til nasjonal e-helseportefølje på Helsedirektoratet.no";Tilpasning og utvidet utprøving;01.01.2025;3C - Bedre styring, kvalitetsforbedring, forskning, helseovervåking, beredskap og krisehåndtering gjennom helseregistrene;Digitale økosystem for smittevernberedskap;;Planlagt;56876000019902810;2026-08
NORSURV;"NORSURV prosjektet bidra til å forbedre overvåkingen av smittsomme sykdommer ved FHI. Prosjektet er delfinansiert av EUs helseprogram.
Prosjektet skal styrke systemene for infeksjonsovervåkning slik at myndigheter og helsetjenesten kan ha et oppdatert og detaljert bilde av smittesituasjonen til enhver tid.
Les mer om NORSURV på FHI sine hjemmesider";Utvikling - tilpasning;01.10.2024;3C - Bedre styring, kvalitetsforbedring, forskning, helseovervåking, beredskap og krisehåndtering gjennom helseregistrene;Digitale økosystem for smittevernberedskap;30.09.2028;Planlagt;56876000019904940;2026-08
Videreutvikling av SYSVAK;"Videreutvikling av SYSVAK til å inkludere  Voksenvaksinasjonsprogram og Vaksinasjonsvarsling. 
Tilrettelegge SYSVAK til andre statistikkformål Meldingsbasert kommunikasjon";Tilpasning og utvidet utprøving;01.01.2025;3C - Bedre styring, kvalitetsforbedring, forskning, helseovervåking, beredskap og krisehåndtering gjennom helseregistrene;Digitale økosystem for smittevernberedskap;;Planlagt;56876000020123129;2026-08
Etablering av koordinerende Helse Data Access Body(HDAB) i tråd med Helsedataforordningen (EHDS);FHI skal etablere koordinerende Health data Access Body (HDAB) i tråd med forordningen om det Europeiske helsedataområdet (EHDS);Utvikling og begrenset utprøving;01.01.2025;3C - Bedre styring, kvalitetsforbedring, forskning, helseovervåking, beredskap og krisehåndtering gjennom helseregistrene;Tilgjengeliggjøring av helsedata til sekundærbruk;;Planlagt;56876000019903510;2026-08
Tilgjengeliggjøre data til sekundærbruk;"Helsedatainnehavere skal på forespørsel gjøre helsedata tilgjengelig for helsedatatilgangsorganet (Health Data Access Bodies, HDAB, i forbindelse med en godkjent forespørsel om helsedata. 
Reglene om tilgjengeliggjøring av data gjelder fra 26. mars 2029 for de fleste kategoriene";Tilpasning - innføring;01.01.2029;3C - Bedre styring, kvalitetsforbedring, forskning, helseovervåking, beredskap og krisehåndtering gjennom helseregistrene;Tilgjengeliggjøring av helsedata til sekundærbruk;;Tentativ;56876000020125003;2026-08
Andre gruppe datakategorier tilgjengeliggjøres for sekundærbruk;Andre gruppe datakategorier tilgjengeliggjøres fra mars 2031.;Tilpasning og utvidet utprøving;01.04.2029;3C - Bedre styring, kvalitetsforbedring, forskning, helseovervåking, beredskap og krisehåndtering gjennom helseregistrene;Tilgjengeliggjøring av helsedata til sekundærbruk;;Tentativ;56876000020125005;2026-08
Metadata-tjenester, videreutvikling;"Videreutvikling av Metadata-tjenester. Ulike metadata-tjenester, blant annet forvaltningssystem for nasjonal metadatakatalog (Munin) og kilde- og variabel-katalog på helsedata.no   
Munin skal kunne eksportere HealthDCAT metadata til EUs portal HealthData@EU";Utvikling og begrenset utprøving;01.07.2026;3C - Bedre styring, kvalitetsforbedring, forskning, helseovervåking, beredskap og krisehåndtering gjennom helseregistrene;Tilgjengeliggjøring av helsedata til sekundærbruk;;Tentativ;56876000020125008;2026-08
Søknadstjenester, videreutvikling;;Utvikling og begrenset utprøving;01.01.2026;3C - Bedre styring, kvalitetsforbedring, forskning, helseovervåking, beredskap og krisehåndtering gjennom helseregistrene;Tilgjengeliggjøring av helsedata til sekundærbruk;;Tentativ;56876000020125011;2026-08
Samhandlingstjenester, konsept;"Det kreves etablering av sakssystemer, harmoniserte prosesser for søknadsbehandling, og tekniske løsninger som støtter HealthData@EU infrastrukturen.
Utvikle løsning for å rapportere om status på søknader";Konsept;01.01.2026;3C - Bedre styring, kvalitetsforbedring, forskning, helseovervåking, beredskap og krisehåndtering gjennom helseregistrene;Tilgjengeliggjøring av helsedata til sekundærbruk;;Tentativ;56876000020125013;2026-08
Samhandlingstjenester, utvikling;Utvikling av saksbehandlings- og samhandlingsløsninger som skal tilrettelegge for kommunikasjon, harmonisert praksis, transparens og rapportering mellom koordinerende tilgangsforvalter og andre tilgangsforvaltere;Utvikling og begrenset utprøving;01.01.2027;3C - Bedre styring, kvalitetsforbedring, forskning, helseovervåking, beredskap og krisehåndtering gjennom helseregistrene;Tilgjengeliggjøring av helsedata til sekundærbruk;;Tentativ;56876000020125016;2026-08
Sikre analyserom (SPE), videreutvikling;Det pågår arbeid i EU for å definere krav til sikre analyserom og datatransport i tråd med forordningen om det Europeiske helsedataområdet (EHDS).;Utvikling og begrenset utprøving;01.07.2026;3C - Bedre styring, kvalitetsforbedring, forskning, helseovervåking, beredskap og krisehåndtering gjennom helseregistrene;Tilgjengeliggjøring av helsedata til sekundærbruk;;Tentativ;56876000020125018;2026-08
Nasjonalt kontaktpunkt;NCP kontaktpunktet håndterer ​autentisering av europeiske brukere, ​sikker datatransport over landegrensene, ​utveksling av søknads- og tillatelsesdata mellom nasjonale HDAB-er, og tilkobling til HealthData@EU-infrastrukturens felles komponenter.;Utvikling og begrenset utprøving;01.07.2026;3C - Bedre styring, kvalitetsforbedring, forskning, helseovervåking, beredskap og krisehåndtering gjennom helseregistrene;Tilgjengeliggjøring av helsedata til sekundærbruk;;Tentativ;56876000020125020;2026-08
Helsedatainnehavere, konsept for tilgjengeliggjrøing;Helsedatainnehavere (inkl. helseregistre) må utarbeide kilde- og metadatabeskrivelse (inkl. merking) til den nasjonale metadatakatalogen. Dette må gjøres trinnvis;Konsept;01.01.2027;3C - Bedre styring, kvalitetsforbedring, forskning, helseovervåking, beredskap og krisehåndtering gjennom helseregistrene;Tilgjengeliggjøring av helsedata til sekundærbruk;;Tentativ;56876000020125023;2026-08
Helsedatainnehavere tilgjengeliggjøre første gruppe helsedata;"Fra mars 2029 skal første gruppe helsedata tilgjengeliggjøres for sekundærbruk- dette gjelder følgende kategorier helsedata:
helsedata frapasientjournaler (EHR), aggregerte helsedata (behov, ressurser og utgifter), data om patogener som påvirker menneskers helse, administrative helsedata (f.eks. Refusjoner), data generert automatisk via medisinsk utstyr, data fra velvære- og helserelaterte applikasjoner,  informasjon om helsepersonells arbeidssted mv., offentlige helseregistre, medisinske registre og dødsårsaksregistre, øvrig data fra medisinsk utstyr,  registre om medisinske produkter og  medisinsk utstyr,  helsedata fra biobanker og tilhørende databaser.  
Les mer om kravene i artikkel 51 på følgende EHDS hjemmesider EHDS - Art. 51 | StreamLex";Utvikling og begrenset utprøving;01.07.2026;3C - Bedre styring, kvalitetsforbedring, forskning, helseovervåking, beredskap og krisehåndtering gjennom helseregistrene;Tilgjengeliggjøring av helsedata til sekundærbruk;;Tentativ;56876000020125025;2026-08
Helsedatainnehavnere tilgjengeliggjør neste gruppe ;"Fra mars 2031 skal de øvrige kategoriene som angis i artikkel 51 tilgjengeliggjøres, som genetiske data, molekylærbiologiske data, data fra kliniske studier og data fra forskningskohorter. 
Les mer om kravene i artikkel 51 på følgende EHDS hjemmesider EHDS - Art. 51 | StreamLex";Utvikling og begrenset utprøving;01.04.2029;3C - Bedre styring, kvalitetsforbedring, forskning, helseovervåking, beredskap og krisehåndtering gjennom helseregistrene;Tilgjengeliggjøring av helsedata til sekundærbruk;;Tentativ;56876000020125028;2026-08
Videreutvikle Dødsårsaksregistret;"Videreutvikling av Dødsårsaksregisteret (DÅR) med innføring av elektronisk innmelding av obduksjoner. 
Les mer om Dødsårsaksregistret på FHI sine hjemmesider.";Utvikling - innføring;01.01.2023;3C - Bedre styring, kvalitetsforbedring, forskning, helseovervåking, beredskap og krisehåndtering gjennom helseregistrene;Videreutvikling av sentrale helseregistre;;Planlagt;56876000019902954;2026-08
Konsept, fremtidens svangerskapsregistre;"De overordnede målene med prosjektet er å oppnå data for en svangerskapsomsorg i verdensklasse, og effektive registre med lavest mulig rapporteringsbyrde.
I 2026 er skal konseptutrednings- og planleggingsfasen av prosjektet gjennomføres. Alternative juridiske endringer vil utredes før et anbefalt konsept for fremtidens svangerskapsregistrering med tilhørende plan for realisering foreslås for toppledelsen i FHI.";Konsept;01.01.2026;3C - Bedre styring, kvalitetsforbedring, forskning, helseovervåking, beredskap og krisehåndtering gjennom helseregistrene;Videreutvikling av sentrale helseregistre;;Planlagt;56876000019902958;2026-08
Legemiddeldata fra institusjon;"Videreutvikle dagens Legemiddelregistre for kunne ta imot og behandle opplysninger om legemiddelbruk i institusjon på individ nivå. Data skal hentes fra behandlingsstedets elektroniske kurveløsninger.
Piloter med for å hente data fra Helse Sør-Øst og Bærum kommune er gjennomført, hvorav Bærum er gjennomført. Helse Sør-Øst og Helse Midt Norge vil være klare i 2026 og dialogen har startet med Helse Vest og Helse Nord.";Utvikling og begrenset utprøving;01.01.2025;3C - Bedre styring, kvalitetsforbedring, forskning, helseovervåking, beredskap og krisehåndtering gjennom helseregistrene;Videreutvikling av sentrale helseregistre;;Planlagt;56876000019903514;2026-08
Videreutvikle KPR;"Helsestasjon og skolehelsetjeneste, kommunal tjenestetildeling og offentlig tannhelse er etablert på ny plattform for daglig innsending. KPR vil i fremtiden utvides med offentlig finansierte og privatfinansierte helsetjenester innen videre vil det bli data fra private institusjonsbasert tjenester, hjemmebaserte tjenester, PH og Rus, Friskliv og mestring, Rehabilitering i KPR. Det vil også etterhvert startes et konseptutredningsarbeid for allmennleger
Les mer i Folkehelseinstituttets siste rapportering på tiltaket KPR 2024 til Nasjonal e-helseportefølje på helsedirektoratet.no, og om rapportering av data til KPR på Folkehelseinstituttes hjemmesider. ";Utvikling og begrenset utprøving;01.01.2023;3C - Bedre styring, kvalitetsforbedring, forskning, helseovervåking, beredskap og krisehåndtering gjennom helseregistrene;Videreutvikling av sentrale helseregistre;01.01.2026;Planlagt;56876000019906324;2026-08
Data fra private inn i KPR og NPR;"Trinnvis implementering av data fra private i både NPR og KPR. Først ut er data fra privattannhelse i KPR, videre vil det bli data fra private institusjonsbasert tjenester, hjemmebaserte tjenester, PH og Rus, Friskliv og mestring, Rehabilitering i KPR. 
I NPR kommer det data fra Volvat og Aleris i løpet av 2026 innen de helsehjelpsområdene som allerede dekkes i NPR.
Data fra private innen stråleterapi, radiologi, nukleær vil også inkluderes i 2026.
I de påfølgende årene vil det utvides for alle private som driver den type helsehjelp det er ønskelig politisk å samle inn data fra. Inkludering vil skje trinnvis da det er tidkrevende.
Les mer i Folkehelseinstituttets siste rapportering på tiltaket KPR 2024 til Nasjonal e-helseportefølje på helsedirektoratet.no, og om rapportering av data til KPR på Folkehelseinstituttets hjemmesider. ";Utvikling og begrenset utprøving;;3C - Bedre styring, kvalitetsforbedring, forskning, helseovervåking, beredskap og krisehåndtering gjennom helseregistrene;Videreutvikling av sentrale helseregistre;;Planlagt;56876000019906332;2026-08
Kvalitetsforbedringsrapport for Legemiddelrekvirenter (KRL-løsning);"Kvalitetsforbedringsrapport for Legemiddelrekvirenter (KRL-løsningen) etableres for å gi legemiddelrekvirenter tilgang til rapporter som viser relevant informasjon om rekvirering.
Den første rapporten handlet om antibiotika (RAK-rapporter). Løsningen utvides nå til å gi tilgang til rapporter om vanedannende legemidler.";Utvikling og begrenset utprøving;01.01.2025;3C - Bedre styring, kvalitetsforbedring, forskning, helseovervåking, beredskap og krisehåndtering gjennom helseregistrene;Videreutvikling av sentrale helseregistre;;Planlagt;56876000020123132;2026-08
Modernisere og migrere NPR;"NPR må moderniseres for å kunne ta imot daglige data fra hele spesialisthelsetjenesten samt
utvide med data fra privatfinansierte helsetjenester. Det
vil si at den flyttes/migreres over på samme plattform som KPR og at alle
aktuelle informasjonsmodeller blir restrukturert til endringsbaserte meldinger
og at rapportering skjer via API fremfor EbXML over EDI.
Det er også nødvendig å utvide informasjonsmodellene til å inneholde attributter som kan støtte opp under nye behov for måling av ventetider samt at løsningene tilfredsstiller kravene i EHDS
Dette vil kreve prioritering fra EPJ-leverandørene i 2027 for alle aktuelle helsetjenesteområder, særlig DIPS og Helseplattformen i første fase, samt nye leverandører for aktuelle privatfinansierte helsetjenester";Tilpasning og utvidet utprøving;01.01.2025;3C - Bedre styring, kvalitetsforbedring, forskning, helseovervåking, beredskap og krisehåndtering gjennom helseregistrene;Videreutvikling av sentrale helseregistre;;Planlagt;56876000020123135;2026-08
Målarkitektur for datadeling mellom virksomheter;"Målarkitektur for deling av måledata i DHO ble ferdigstilt i 2023, les mer om målarkitektur for deling av måledata i DHO,
Nødvendige felleskomponenter og fellestjenester som understøtter konseptalternativene i målarkitekturen vil bli utviklet trinnvis basert på erfaringer fra utprøving i tjenesten.";Konsept - utvikling;01.01.2023;4A - Trygg og effektiv informasjonsdeling mellom aktører;Datadeling mellom virksomheter;31.12.2023;Planlagt;56876000019902878;2026-08
Målarkitektur for datadeling mellom virksomheter;"Målarkitektur for deling av måledata i DHO ble ferdigstilt i 2023, les mer om målarkitektur for deling av måledata i DHO.
Nødvendige felleskomponenter og fellestjenester som understøtter konseptalternativene i målarkitekturen vil bli utviklet trinnvis basert på erfaringer fra utprøving i tjenesten";Utvikling - tilpasning;;4A - Trygg og effektiv informasjonsdeling mellom aktører;Datadeling mellom virksomheter;;Planlagt;56876000020125031;2026-08
Stegvis etablering og innføring av felles tillitstjenester;"Norsk helsenett har etableres en nasjonal tillitstjeneste som er et bindeledd mellom aktørene som samhandler.
Tillitstjenester ble først tatt i bruk for deling av Pasientens journaldokumenter.
EPJ-leverandørene må tilpasse bruk av tillitstjenester både når virksomhetene er kilde og tilgjengeliggjør journaldokumenter, og når virksomheten er konsument og har helsepersonell som gjør oppslag i journaldokumenter i andre virksomheter.";Utvikling - tilpasning - innføring;;4A - Trygg og effektiv informasjonsdeling mellom aktører;Felles tillitstjenester;;Planlagt;56876000019903214;2026-08
Oppdatere anbefaling av SMART on FHIR;Det pågår arbeidet med en oppdatering av anbefalingen som SMART on FHIR fra 2019.;Tilpasning og utvidet utprøving;01.01.2024;4A - Trygg og effektiv informasjonsdeling mellom aktører;SMART on FHIR;;Planlagt;56876000019903218;2026-08
Tilpasning av SMART on FHIR hos EPJ leverandører;Leverandører må gjøre tilpasninger for å kunne ta i bruk løsninger som er tilgjengelig med SMART on FHIR, eksempelvis Digital førerrett og MSIS-klinikermeldinger.;Tilpasning og utvidet utprøving;01.07.2022;4A - Trygg og effektiv informasjonsdeling mellom aktører;SMART on FHIR;;Planlagt;56876000019903222;2026-08
Felles standardisert språk  i helse- og omsorgssektoren;" De regionale helseforetakene vil fortsette med utvikling av standardisert språk innen områdene medisinske kvalitetsregistre, legemidler, pleieplaner og deler av kliniske beskrivelser.
• Kommunal sektor skal gradvis innføre standardisert språk på utvalgte informasjonsområder.
• Dette må sees i sammenheng med overgangen fra ICD-10 til ICD-11, og EHDS";Tilpasning og utvidet utprøving;01.01.2024;4B - Styrket informasjonsforvaltning og god og sikker tilgang til data ;Standardisert bruk av kodeverk og terminologi;;Planlagt;56876000019902710;2026-08
ICD-11;"Fokus for 2025 er primært testing og opplæring i PoC
Oversetting av kodeverk til norsk er planlagt i 2026
Les mer om ICD-11 på Helsedirektoratets hjemmesider og WHO sine hjemmesider. ";Konsept;01.01.2027;4B - Styrket informasjonsforvaltning og god og sikker tilgang til data ;Standardisert bruk av kodeverk og terminologi;;Planlagt;56876000019903238;2026-08
Etablere informasjonsforvaltning;"Gjennom 2023 og 2024 er det gjort et omfattende arbeid på å etablere informasjonsforvaltning som funksjon hos aktørene i helse- og omsorgssektoren. Først som et konsept, og deretter oppstart av en operasjonalisering av konseptet.
I 2025 skal myndighetsrollen utvikles videre, samt at funksjonen for informasjonsforvaltning skal implementeres hos de sentrale aktørene";Konsept - utvikling;01.01.2024;4B - Styrket informasjonsforvaltning og god og sikker tilgang til data ;Standardisert bruk av kodeverk og terminologi;;Planlagt;56876000019903362;2026-08
Innføring av ICD-11;Foreløpig er målet at ICD-11 kan tas i bruk i løpet av 2028–2029;Innføring;01.01.2028;4B - Styrket informasjonsforvaltning og god og sikker tilgang til data ;Standardisert bruk av kodeverk og terminologi;;Tentativ;56876000020125036;2026-08
Deltagelse i europeisk pilot for etablering av infrastruktur for utveksling av sekundær data;"Aktiv deltagelse i europeisk pilot for etablering av infrastruktur for utveksling av sekundærdata mellom landegrenser.
Deltagelse i eksempelvis SPUHIN, les mer om SPUHIN på Helsedirektoratet sine hjemmesider.";Konsept;01.01.2023;4C - Samhandling på tvers av landegrenser i EU;HealthData@EU;;Planlagt;56876000019902970;2026-08
Testmiljø for EPJ;"Norsk helsenett skal etablere, drifte og forvalte nasjonal tjeneste for test av pasientjournalsystemer i henhold til kravene i helsedataforordningen.
Leverandører av systemer som skal plasseres på EU/EØS-marked må gjennomføre en obligatorisk test i testmiljø i Norge eller et annet EU/EØS-land.
Helsedirektoratet skal tilgjengeliggjøre EUs selvdeklareringsprosess for leverandører i Norge.
Leverandører som omfattes av kravene må gjennomføre test og selvdeklarering.";Utvikling og begrenset utprøving;01.01.2027;4C - Samhandling på tvers av landegrenser i EU;ID-håndtering og fellestjenester: forutsetning for utveksling av helsedata på tvers av landegrenser;;Tentativ;56876000020125048;2026-08
Helseidentitet, til EU (spesifikasjon av norske attributter);"Hvert land (inkludert Norge) skal definere og rapportere til EU-kommisjonen innen mars 2028 hvilke informasjonsattributter som er en del av det nasjonale helseidentiteten.
Helseidentiteten vil variere mellom medlemslandene, og ha ulike informasjonsattributter for unik beskrivelse av en pasient";Konsept;01.07.2026;4C - Samhandling på tvers av landegrenser i EU;ID-håndtering og fellestjenester: forutsetning for utveksling av helsedata på tvers av landegrenser;;Tentativ;56876000020125051;2026-08
Utvikling og tilgjengeliggjøring av Helseidentitet;Det skal utvikles helseidentitetsbevis som innbygger på forespørsel har rett til å få utstedt til sin digitale identitetslommebok. Dette beviset kan benyttes i møte med helsetjenesten i andre medlemsland for unik identifisering av pasienten for oppslag i og lagring av helseopplysninger, og ved grensekryssende utveksling av helseopplysninger.;Utvikling og begrenset utprøving;01.01.2027;4C - Samhandling på tvers av landegrenser i EU;ID-håndtering og fellestjenester: forutsetning for utveksling av helsedata på tvers av landegrenser;;Tentativ;56876000020125053;2026-08
Utstedelse til Lommebok for norske borgere (EU/EØS-land) ;"Det skal etablere sentrale tjenester for Autentisering, som er avhengighet av innføring av eIDAS-regelverket og norsk identitetslommebok.
Helsepersonell skal bruke eIDAS notifiserte eID-løsninger fra andre EU/EØS-land for autentisering. Her er det viktig å harmonisere  eksisterende norske løsninger og modeller mot kravene som kommer i EHDS. (Avklaringer i 2026)";Utvikling og begrenset utprøving;01.01.2026;4C - Samhandling på tvers av landegrenser i EU;ID-håndtering og fellestjenester: forutsetning for utveksling av helsedata på tvers av landegrenser;;Tentativ;56876000020125056;2026-08
Konsept for å håndtere europeisk helseidentitetsdata i Norge;Utarbeid et løsningskonsept for håndtering av europeiske helseidentiteter for samhandling om helseopplysninger i Norge.;Konsept;01.07.2026;4C - Samhandling på tvers av landegrenser i EU;ID-håndtering og fellestjenester: forutsetning for utveksling av helsedata på tvers av landegrenser;;Tentativ;56876000020125059;2026-08
Håndtere bruk av digital lommebok for EU/EØS borgere i Norge;Det må utvikles løsninger for håndtering av digital lommebok for borgere fra EU/EØS land når de er i Norge.;Utvikling og begrenset utprøving;01.01.2027;4C - Samhandling på tvers av landegrenser i EU;ID-håndtering og fellestjenester: forutsetning for utveksling av helsedata på tvers av landegrenser;;Tentativ;56876000020125061;2026-08
Håndtere europeisk identitetsdata i Norge;"Håndtering av identitetsdata for innbyggere fra andre EU/EØS-land er viktig både for å få en korrekt ekspedering og behandling på norsk apotek og for å kunne gjenfinne norsk resept ved bruk i EU gjennom MyHealth@EU.
Det må etableres en tjeneste for å koble identitetsdata fra ulike EU/EØS-land med norsk felles hjelpenummer eller lignende.
Pasientjournalsystemer og nasjonale e-helseløsninger kan ta i bruk denne tjenesten slik at det er mulig å identifisere innbyggere fra andre EU/EØS-land, registrere opplysninger om dem når de mottar helsehjelp i Norge, og samhandle om disse opplysningene. ";Utvikling og begrenset utprøving;01.07.2027;4C - Samhandling på tvers av landegrenser i EU;ID-håndtering og fellestjenester: forutsetning for utveksling av helsedata på tvers av landegrenser;;Tentativ;56876000020125063;2026-08
Personvernkomponenter / tilgangsstyring;Etablere gjennomgående autorisasjonstjenester for å gi riktige tilganger basert på hvem man er, hvilke rettigheter man har, og hvilke tilgangsbegrensninger som er satt av innbygger eller helsepersonell.;Utvikling og begrenset utprøving;01.01.2027;4C - Samhandling på tvers av landegrenser i EU;ID-håndtering og fellestjenester: forutsetning for utveksling av helsedata på tvers av landegrenser;;Tentativ;56876000020125066;2026-08
Tilpasning hos leverandører;Utvikle funksjonalitet i relevante pasientjournalsystemer (norske og utenlandske pasienter);Tilpasning og utvidet utprøving;01.07.2027;4C - Samhandling på tvers av landegrenser i EU;ID-håndtering og fellestjenester: forutsetning for utveksling av helsedata på tvers av landegrenser;;Tentativ;56876000020125068;2026-08
Etablere nasjonalt kontaktpunkt (NCP-B) og mulighet for å motta informasjon  om EU/EØS-borgere;"Etablering av et norsk kontaktpunkt (NCP-B) for å koble seg til den europeiske infrastrukturen for mottak av e-resept (ePrescription) og Pasientoppsummering (Patient Summary).
På EU sine hjemmesider finner det informasjon om hvilke land som deler pasientopplysninger på tvers av landegrenser. ";Utvikling og begrenset utprøving;01.01.2023;4C - Samhandling på tvers av landegrenser i EU;Motta informasjon om EU/EØS borgere når de får behandling i Norge;;Planlagt;56876000019902838;2026-08
Videreutvikle MyHealth med tilgang tilpasientoppsummering basert på EHDS krav;"Videreutvikling for at helsepersonell i Norge skal få tilgang til pasientoppsummering for EU/EØS-innbyggere når de får helsehjelp i Norge.
Pasientoppsummeringer skal være tilgjengelig for alle innbyggere og helsepersonell fra mars 2029.";Utvikling - tilpasning;01.01.2026;4C - Samhandling på tvers av landegrenser i EU;Motta informasjon om EU/EØS borgere når de får behandling i Norge;;Tentativ;56876000019902966;2026-08
Begrenset utprøving (MyHealth - faste 1) med utvalgte aktører;"Prosjektet har nådd flere viktige milepæler, eksempelvis godkjente produksjonstester av Pasientoppsummering (Patient Summary) med
Finland, Tsjekkia og Portugal, samt positiv go-live beslutning fattet av eHealth Network.";Tilpasning og utvidet utprøving;01.01.2026;4C - Samhandling på tvers av landegrenser i EU;Motta informasjon om EU/EØS borgere når de får behandling i Norge;;Planlagt;56876000020125071;2026-08
Støtte i MyHealth for resept format;Utviklet støtte i MyHealth@EU for reseptformat fra EU/EØS-land, slik at de blir tilgjengelig for lesing/visning for apotekansatte i Norge.;Utvikling og begrenset utprøving;01.07.2026;4C - Samhandling på tvers av landegrenser i EU;Motta informasjon om EU/EØS borgere når de får behandling i Norge;;Planlagt;56876000020125073;2026-08
Videreutvikle støtte i MyHealth for ekspedering av EHDS e-resept;Videreutvikling av MyHealth@EU for ekspedering av e-resepter og utleveringsinformasjon ave-resept på EHDS-format.;Tilpasning og utvidet utprøving;01.10.2027;4C - Samhandling på tvers av landegrenser i EU;Motta informasjon om EU/EØS borgere når de får behandling i Norge;;Tentativ;56876000020125076;2026-08
Tilgang til søk- og visningsmodul, Myhealth, lokalt tiltak;"Utviklet en søk- og visningsmodul som helsepersonell i Norge kan bruke til å søke etter og få tilgang til helseopplysninger.
Resepter fra EU/EØS-land på EU-format kan leses av farmasøyter og leger i Norge i søk- og visningsmodulen i MyHealth@EU";Utvikling og begrenset utprøving;01.01.2026;4C - Samhandling på tvers av landegrenser i EU;Motta informasjon om EU/EØS borgere når de får behandling i Norge;;Tentativ;56876000020125078;2026-08
Tilpasning hos leverandører for pasientoppsummering;Utvikle funksjonalitet for å vise pasientoppsummering via dagens brukerflater i relevante pasientjournalsystemer (norske og utenlandske pasienter) på omforent format.;Tilpasning og utvidet utprøving;01.01.2027;4C - Samhandling på tvers av landegrenser i EU;Motta informasjon om EU/EØS borgere når de får behandling i Norge;;Tentativ;56876000020125081;2026-08
Pasientoppsummering basert på EHDS krav og e-resept tilgjengelig i Norge;"Innbygger fra EU/EØS-land med en resept fra eget hjemland kan hente ut legemiddel på apotek i Norge og utleveringsmelding sendes hjemlandet til innbygger.
Pasientoppsummering fra EU/EØS- land er tilgjengelig for helsepersonell med tjenstlig behov i Norge.";I bruk;26.03.2029;4C - Samhandling på tvers av landegrenser i EU;Motta informasjon om EU/EØS borgere når de får behandling i Norge;;Tentativ;56876000020125083;2026-08
Etablere nasjonalt kontaktpunkt (NCP-A) og mulighet for å dele helseinformasjon om norske innbyggere til helsepersonell i EU/EØS;Etablere nasjonalt kontaktpunkt (NCP-A) med mulighet for å sende informasjon om pasientoppsummeringer og e-resepter om norske innbygger til helsepersonell i EU/EØS-land;Konsept - utvikling;01.07.2023;4C - Samhandling på tvers av landegrenser i EU;MyHealth@EU;;Planlagt;56876000019903242;2026-08
Spesifisere og utvikle konverteringstjeneste, fra Norsk til EU format;Videreutvikle og teste konverteringstjeneste for å konvertere mellom norsk format og EU-format for resepter. Må ferdigstilles og være i bruk før mars 2029.;Utvikling og begrenset utprøving;01.01.2026;4C - Samhandling på tvers av landegrenser i EU;Tilgjengeliggjøre informasjon om legemidler (ePrescription) for norske innbyggere i EU/EØS-land;;Tentativ;56876000020125099;2026-08
Videreutvikle og teste konverteringstjeneste, fra Norsk til EU format;Videreutvikle og teste konverteringstjeneste for å konvertere mellom norsk format og EU-format for resepter. Må ferdigstilles og være i bruk før mars 2029.;Utvikling og begrenset utprøving;01.01.2027;4C - Samhandling på tvers av landegrenser i EU;Tilgjengeliggjøre informasjon om legemidler (ePrescription) for norske innbyggere i EU/EØS-land;;Tentativ;56876000020125102;2026-08
Test med syntetisk data;Test med syntetisk data;Utvikling og begrenset utprøving;01.07.2026;4C - Samhandling på tvers av landegrenser i EU;Tilgjengeliggjøre informasjon om legemidler (ePrescription) for norske innbyggere i EU/EØS-land;;Tentativ;56876000020125104;2026-08
Støtte i MyHealth for EHDS format;Videreutvikling av MyHealth@EU for ekspedering av e-resepter og utleveringsinformasjon av e-resept på EHDS-format for norske innbyggere i EU/EØS-land;Utvikling og begrenset utprøving;01.10.2027;4C - Samhandling på tvers av landegrenser i EU;Tilgjengeliggjøre informasjon om legemidler (ePrescription) for norske innbyggere i EU/EØS-land;;Tentativ;56876000020125106;2026-08
Forberede trinn to, modernisering av e-resept;Arbeid Identifisere tiltak knyttet til modernisering av e-resept, som kan bidra til større samfunnsøkonomisk nyttevirkninger for den nasjonale samhandlingen, enn konvertering.;Konsept;01.07.2026;4C - Samhandling på tvers av landegrenser i EU;Tilgjengeliggjøre informasjon om legemidler (ePrescription) for norske innbyggere i EU/EØS-land;;Tentativ;56876000020125109;2026-08
Legemiddelgrunndata;"Tjeneste for legemiddelgrunndata utvikles av Norsk helsenett. I den forbindelse skal det også etableres IDMP basert legemiddelbase fra Direktoratet for medisinske produkter.
Nye og bedre legemiddelgrunndata kan bidra til en enklere konvertering, ved at det ikke blir behov for oversettelse av legemiddel/virkestoff og tekstbasert angivelse av legemidler fordi det benyttes felles kodeverk.
Les mer Direktoratet for e-helse (IE 1130/2023) - Strategisk retning for felles legemiddelgrunndata";Konsept;01.07.2026;4C - Samhandling på tvers av landegrenser i EU;Tilgjengeliggjøre informasjon om legemidler (ePrescription) for norske innbyggere i EU/EØS-land;;Tentativ;56876000020125111;2026-08
Spesifisere pasientoppsummering;"Pasientoppsummeringer etableres som en felles nasjonal tjeneste som primært baseres på eksisterende sentrale datakilder, og oppdateres automatisk med relevante helseopplysninger.
Enkelte kilder må tilpasses i struktur og innholdsinformasjon for å passe felles europeiske spesifikasjoner. Aktuelle kilder er Kritisk informasjon i kjernejournal, KPR og NPR, og reseptformidleren.";Konsept;01.01.2025;4C - Samhandling på tvers av landegrenser i EU;Tilgjengeliggjøre pasientoppsummering (Patient summary) for norske innbyggere i Norge og i EU/EØS-land;;Planlagt;56876000020125086;2026-08
Utvikling og utprøving nasjonal tjeneste for pasientoppsummering;"Utvikle og tilgjengeliggjøre nasjonal tjeneste for Pasientoppsummering som sammenstiller helseopplysninger fra kritisk informasjon, e-reseptkjeden og nye informasjonstjenester for diagnoser og prosedyrer for norske borgere via Helsenorge, og via MyHealth@EU infrastrukturen til helsepersonell i EU/EØS.
Utvikle felles brukergrensesnitt/Utvide KJ-portal for å vise pasientoppsummering, samt for å velge ut de viktigste helseopplysningene i de nye informasjonstjenestene, for pasientjournalsystemer som ikke utvikler dette selv.";Utvikling og begrenset utprøving;01.01.2027;4C - Samhandling på tvers av landegrenser i EU;Tilgjengeliggjøre pasientoppsummering (Patient summary) for norske innbyggere i Norge og i EU/EØS-land;;Tentativ;56876000020125089;2026-08
Utvikle og tilpasse funksjonalitet i EPJ for å vise pasientoppsummering;"Utvikling av funksjonalitet for å vise pasientoppsummering via dagens brukerflater i relevante pasientjournalsystemer (norske og EU/EØS pasienter) på omforent format.
Utvikle og innføre funksjonalitet i pasientjournalsystemer, for aktuelle helsevirksomheter, for håndtering av utenlandske ID.";Tilpasning og utvidet utprøving;01.04.2027;4C - Samhandling på tvers av landegrenser i EU;Tilgjengeliggjøre pasientoppsummering (Patient summary) for norske innbyggere i Norge og i EU/EØS-land;;Tentativ;56876000020125092;2026-08
Videreutvikle, sende pasientoppsummering til EU/EØS-land via Myhealth@EU;Videreutvikle for tilgjengeliggjøring av pasientoppsummeringer fra Norge gjennom MyHealth@EU-infrastrukturen.;Utvikling og begrenset utprøving;01.07.2027;4C - Samhandling på tvers av landegrenser i EU;Tilgjengeliggjøre pasientoppsummering (Patient summary) for norske innbyggere i Norge og i EU/EØS-land;;Tentativ;56876000020125094;2026-08
Pasientoppsummering tilgjengelig i Norge og EU/EØS-land;"Pasientoppsummering med følgende
seks seksjoner blir obligatoriske fra mars 2029:
Implantater og medisinsk utstyr
Kritiskinformasjon
Allergierog intoleranser
Legemiddeloppsummering
Diagnoser
Inngrep og prosedyrer";I bruk;26.03.2029;4C - Samhandling på tvers av landegrenser i EU;Tilgjengeliggjøre pasientoppsummering (Patient summary) for norske innbyggere i Norge og i EU/EØS-land;;Tentativ;56876000020125097;2026-08
Transisjonsperiode;Norge deltar i en rekke europeiske myndighetssamarbeid knyttet til EHDS, hvor det er mulig å bidra aktivt til spesifikasjoner og utviklingen av EHDS ved bl.a. å gi innspill på underlag til gjennomføringsrettsaktene som skal utarbeides fram til mars 2027.;Konsept;01.01.2025;5A - Forordningen om Europeiske helsedataområdet (EHDS), som fremmer sikker tilgang til og deling av helsedata på tvers av landegrenser;Øvrige myndighetsaktiviteter knyttet til EHDS;;Planlagt;56876000019902850;2026-08
GAP analyse EHDS;"I tidsperioden august 2024 til mars 2025 arbeides i Norge med en overordnet konsekvensutredning (gap-analyse) av EHDS forordningen
Les mer om EHDS konsekvensvurderingen - Gapanalysen på Helsedirektoratets hjemmeside";Konsept;01.08.2024;5A - Forordningen om Europeiske helsedataområdet (EHDS), som fremmer sikker tilgang til og deling av helsedata på tvers av landegrenser;Øvrige myndighetsaktiviteter knyttet til EHDS;;Planlagt;56876000019903366;2026-08
Transisjonsperiode;Mars 2027 blir regelverk gjeldende i EU /og EØS land), etter dette følger en forberedelsesperiode hvor medlemsland  (EU og EØS) bygger opp teknisk og juridisk infrastruktur for å dele helsedata på tvers av landegrensene.;Konsept;01.04.2027;5A - Forordningen om Europeiske helsedataområdet (EHDS), som fremmer sikker tilgang til og deling av helsedata på tvers av landegrenser;Øvrige myndighetsaktiviteter knyttet til EHDS;;Planlagt;56876000020125115;2026-08
Videre arbeid med EHDS;Samarbeid med aktører fra helse- og omsorgssektoren, som blant annet innebærer å kartlegge aktiviteter som må på plass for å nå kravene som er gjeldende fra mars 2029 og mars 2031.;Konsept;01.10.2025;5A - Forordningen om Europeiske helsedataområdet (EHDS), som fremmer sikker tilgang til og deling av helsedata på tvers av landegrenser;Øvrige myndighetsaktiviteter knyttet til EHDS;;Planlagt;56876000020125118;2026-08
Arbeid med gjennomføringsrettsakter;Arbeidet med gjennomføringsrettsakter (implementing acts) for den europeiske helsedataforordningen (EHDS - Regulation (EU) 2025/327) pågår for fullt både i EU og Norge.;Konsept;01.10.2025;5A - Forordningen om Europeiske helsedataområdet (EHDS), som fremmer sikker tilgang til og deling av helsedata på tvers av landegrenser;Øvrige myndighetsaktiviteter knyttet til EHDS;;Planlagt;56876000020125120;2026-08
EHDS høring;Den nasjonale høringen for forslaget til den nye loven om det europeiske helsedataområdet (EHDS) ble sendt ut av Helse- og omsorgsdepartementet, 8. juni 2026 med fristen 28. september 2026. Forordningom det europeiske helsedataområdet (EHDS - regjeringen.no);Konsept;01.06.2026;5A - Forordningen om Europeiske helsedataområdet (EHDS), som fremmer sikker tilgang til og deling av helsedata på tvers av landegrenser;Øvrige myndighetsaktiviteter knyttet til EHDS;;Planlagt;56876000020125122;2026-08
Kommunikasjonsaktivitet;"Kommunikasjon- og informasjonstiltak rettet mot ulike aktører i helse og omsorgssektoren.
Kommunikasjon- og informasjonstiltak rettet mot norske innbyggere og innbyggere fra andre EU/EØS-land om hvor og hvordan de kan utøve rettigheter etter forordningen.";Konsept;01.07.2026;5A - Forordningen om Europeiske helsedataområdet (EHDS), som fremmer sikker tilgang til og deling av helsedata på tvers av landegrenser;Øvrige myndighetsaktiviteter knyttet til EHDS;;Tentativ;56876000020125125;2026-08
Digital helsemyndighet ;Digital helsemyndighet skal ivareta nasjonalt ansvar for gjennomføring av rettigheter og plikter knyttet til primærbruk av helseopplysninger, herunder sikre for at det etableres nødvendige digitale løsninger, regler og andre virkemidler.;Konsept;01.01.2027;5A - Forordningen om Europeiske helsedataområdet (EHDS), som fremmer sikker tilgang til og deling av helsedata på tvers av landegrenser;Øvrige myndighetsaktiviteter knyttet til EHDS;;Planlagt;56876000020125127;2026-08
Markedstilsynsmyndighet;"Direktoratet for medisinske produkter er utpekt som Markedsmyndighet.
 Markedsmyndigheten skal føre tilsyn med at pasientjournalsystemer og selvhjelpsapplikasjoner etterlever kravene for selvdeklarering i helsedataforordningen";Konsept;01.01.2027;5A - Forordningen om Europeiske helsedataområdet (EHDS), som fremmer sikker tilgang til og deling av helsedata på tvers av landegrenser;Øvrige myndighetsaktiviteter knyttet til EHDS;;Planlagt;56876000020125130;2026-08
Tilgangsforvalter;Nasjonal tilgangsforvalter har overordnet ansvar for behandling av søknader, sikker databehandling og koordinering nasjonalt og mot EU.;Konsept;01.01.2027;5A - Forordningen om Europeiske helsedataområdet (EHDS), som fremmer sikker tilgang til og deling av helsedata på tvers av landegrenser;Øvrige myndighetsaktiviteter knyttet til EHDS;;Planlagt;56876000020125132;2026-08
Etablere EHDS board;Det må videreutvikle styrings- og forvaltningsprosesser som sikrer nasjonal koordinering og deltakelse i relevante EU-fora for primær- og sekundærformål som f.eks. EHDS Board og styringsgrupper for MyHealth@EU og HealthData@EU.;Konsept;01.07.2026;5A - Forordningen om Europeiske helsedataområdet (EHDS), som fremmer sikker tilgang til og deling av helsedata på tvers av landegrenser;Øvrige myndighetsaktiviteter knyttet til EHDS;;Planlagt;56876000020125135;2026-08
Publisere veiledning;"Manglende og ulik forståelse av regelverk om behandling av helseopplysninger oppleves av helse- og omsorgssektoren som et hinder for digitalisering og samhandling. Regelverket oppleves som krevende å sette seg inn i og det legges til grunn ulike tolkninger. 
For å sikre felles forståelse av handlingsrommet i gjeldende rett, er det behov for mer regulatorisk veiledning til helse- og omsorgssektoren. Dette vil også kunne bidra til å avdekke behov for regelverksendringer. ";Konsept;01.01.2023;5B - Regulatorisk veiledning for økt gjennomføringskraft;Juridisk veiledning innen digital deling av helseopplysninger;;Planlagt;56876000019902854;2026-08
Samarbeidsmøter mellom jurist i Hdir og NHN;Det er etablert nettverk med faset samarbeidsmøter med jurister i Helsedirektoratet og Norsk Helsenett.;I bruk;;5B - Regulatorisk veiledning for økt gjennomføringskraft;Juridisk veiledning innen digital deling av helseopplysninger;;Planlagt;56876000019902858;2026-08
Helseteknologiordningen videreutvikles;Helseteknologiordningen videreutvikles med etablering av en veilednings- og godkjenningsordning som ble lansert 1. oktober 2025.;I bruk;01.01.2025;5C - Bedre journal- og samhandlingsløsninger i kommunene og innføring av (arbeidsbesparende teknologi) Helseteknologiordningen;Bruk og videreutvikling av Helseteknologiordningen;;Planlagt;56876000019902874;2026-08
Helseteknologiordningen i bruk;"Målet med helseteknologiordningen er å gi drahjelp til og avlaste risiko for kommuner som går foran og tar initiativ til å investere i helseteknologi som journalløsninger, digital hjemmeoppfølging og velferdsteknologi.
Oktober 2023 ble den første av tre tilskuddsordninger åpen for kommuner som ønsker å søke om støtte til anskaffelse eller innføring av helseteknologi.
Les mer om tilskudd gjennom Helseteknologiordningen på Helsedirektoratets hjemmesider.";I bruk;;5C - Bedre journal- og samhandlingsløsninger i kommunene og innføring av (arbeidsbesparende teknologi) Helseteknologiordningen;Bruk og videreutvikling av Helseteknologiordningen;;Planlagt;56876000020125138;2026-08
